Time (UTC+1),CO2 (ppm)
01.01.2024 00:00:00,426.744
01.01.2024 01:00:00,426.677
01.01.2024 02:00:00,426.77
01.01.2024 03:00:00,426.664
01.01.2024 04:00:00,426.63
01.01.2024 05:00:00,426.678
01.01.2024 06:00:00,426.709
01.01.2024 07:00:00,426.671
01.01.2024 08:00:00,426.499
01.01.2024 09:00:00,426.32
01.01.2024 10:00:00,426.363
01.01.2024 11:00:00,426.678
01.01.2024 12:00:00,426.579
01.01.2024 13:00:00,426.028
01.01.2024 14:00:00,425.259
01.01.2024 15:00:00,425.279
01.01.2024 16:00:00,425.553
01.01.2024 17:00:00,425.395
01.01.2024 18:00:00,424.854
01.01.2024 19:00:00,425.366
01.01.2024 20:00:00,425.685
01.01.2024 21:00:00,425.39
01.01.2024 22:00:00,425.349
01.01.2024 23:00:00,425.308
02.01.2024 00:00:00,425.501
02.01.2024 01:00:00,425.566
02.01.2024 02:00:00,-999.99
02.01.2024 03:00:00,-999.99
02.01.2024 04:00:00,-999.99
02.01.2024 05:00:00,-999.99
02.01.2024 06:00:00,424.756
02.01.2024 07:00:00,424.383
02.01.2024 08:00:00,424.145
02.01.2024 09:00:00,424.077
02.01.2024 10:00:00,423.987
02.01.2024 11:00:00,424.05
02.01.2024 12:00:00,423.946
02.01.2024 13:00:00,423.763
02.01.2024 14:00:00,423.666
02.01.2024 15:00:00,423.481
02.01.2024 16:00:00,423.397
02.01.2024 17:00:00,-999.99
02.01.2024 18:00:00,423.194
02.01.2024 19:00:00,423.286
02.01.2024 20:00:00,423.726
02.01.2024 21:00:00,424.177
02.01.2024 22:00:00,424.269
02.01.2024 23:00:00,424.642
03.01.2024 00:00:00,424.897
03.01.2024 01:00:00,424.812
03.01.2024 02:00:00,424.646
03.01.2024 03:00:00,424.573
03.01.2024 04:00:00,424.632
03.01.2024 05:00:00,424.287
03.01.2024 06:00:00,424.233
03.01.2024 07:00:00,424.78
03.01.2024 08:00:00,425.431
03.01.2024 09:00:00,425.682
03.01.2024 10:00:00,425.545
03.01.2024 11:00:00,424.912
03.01.2024 12:00:00,424.852
03.01.2024 13:00:00,424.45
03.01.2024 14:00:00,424.306
03.01.2024 15:00:00,424.845
03.01.2024 16:00:00,424.97
03.01.2024 17:00:00,424.98
03.01.2024 18:00:00,425.155
03.01.2024 19:00:00,425.593
03.01.2024 20:00:00,425.717
03.01.2024 21:00:00,426.004
03.01.2024 22:00:00,425.664
03.01.2024 23:00:00,425.602
04.01.2024 00:00:00,425.531
04.01.2024 01:00:00,425.579
04.01.2024 02:00:00,425.594
04.01.2024 03:00:00,425.574
04.01.2024 04:00:00,425.479
04.01.2024 05:00:00,425.385
04.01.2024 06:00:00,425.681
04.01.2024 07:00:00,425.898
04.01.2024 08:00:00,425.744
04.01.2024 09:00:00,425.468
04.01.2024 10:00:00,425.05
04.01.2024 11:00:00,425.107
04.01.2024 12:00:00,424.849
04.01.2024 13:00:00,425.078
04.01.2024 14:00:00,424.984
04.01.2024 15:00:00,424.566
04.01.2024 16:00:00,424.636
04.01.2024 17:00:00,425.855
04.01.2024 18:00:00,426.712
04.01.2024 19:00:00,426.648
04.01.2024 20:00:00,426.633
04.01.2024 21:00:00,426.411
04.01.2024 22:00:00,426.391
04.01.2024 23:00:00,426.252
05.01.2024 00:00:00,426.005
05.01.2024 01:00:00,425.776
05.01.2024 02:00:00,425.707
05.01.2024 03:00:00,425.229
05.01.2024 04:00:00,425.291
05.01.2024 05:00:00,425.036
05.01.2024 06:00:00,425.073
05.01.2024 07:00:00,425.333
05.01.2024 08:00:00,425.51
05.01.2024 09:00:00,425.808
05.01.2024 10:00:00,426.577
05.01.2024 11:00:00,427.362
05.01.2024 12:00:00,427.258
05.01.2024 13:00:00,426.981
05.01.2024 14:00:00,427.24
05.01.2024 15:00:00,427.126
05.01.2024 16:00:00,427.179
05.01.2024 17:00:00,431.53
05.01.2024 18:00:00,435.342
05.01.2024 19:00:00,433.782
05.01.2024 20:00:00,431.78
05.01.2024 21:00:00,431.219
05.01.2024 22:00:00,430.579
05.01.2024 23:00:00,429.333
06.01.2024 00:00:00,429.595
06.01.2024 01:00:00,429.889
06.01.2024 02:00:00,428.773
06.01.2024 03:00:00,428.902
06.01.2024 04:00:00,430.235
06.01.2024 05:00:00,430.555
06.01.2024 06:00:00,430.783
06.01.2024 07:00:00,431.493
06.01.2024 08:00:00,430.957
06.01.2024 09:00:00,430.976
06.01.2024 10:00:00,431.65
06.01.2024 11:00:00,431.951
06.01.2024 12:00:00,431.698
06.01.2024 13:00:00,431.254
06.01.2024 14:00:00,430.824
06.01.2024 15:00:00,430.583
06.01.2024 16:00:00,430.839
06.01.2024 17:00:00,430.803
06.01.2024 18:00:00,430.54
06.01.2024 19:00:00,430.613
06.01.2024 20:00:00,430.772
06.01.2024 21:00:00,430.511
06.01.2024 22:00:00,430.539
06.01.2024 23:00:00,430.999
07.01.2024 00:00:00,432.956
07.01.2024 01:00:00,432.491
07.01.2024 02:00:00,431.371
07.01.2024 03:00:00,429.664
07.01.2024 04:00:00,429.035
07.01.2024 05:00:00,428.158
07.01.2024 06:00:00,428.462
07.01.2024 07:00:00,426.833
07.01.2024 08:00:00,428.256
07.01.2024 09:00:00,429.131
07.01.2024 10:00:00,427.54
07.01.2024 11:00:00,427.374
07.01.2024 12:00:00,427.172
07.01.2024 13:00:00,428.778
07.01.2024 14:00:00,428.83
07.01.2024 15:00:00,428.973
07.01.2024 16:00:00,428.223
07.01.2024 17:00:00,428.391
07.01.2024 18:00:00,429.459
07.01.2024 19:00:00,428.466
07.01.2024 20:00:00,428.025
07.01.2024 21:00:00,427.968
07.01.2024 22:00:00,427.783
07.01.2024 23:00:00,428.089
08.01.2024 00:00:00,428.681
08.01.2024 01:00:00,429.202
08.01.2024 02:00:00,429.352
08.01.2024 03:00:00,429.214
08.01.2024 04:00:00,429.423
08.01.2024 05:00:00,429.578
08.01.2024 06:00:00,428.676
08.01.2024 07:00:00,428.518
08.01.2024 08:00:00,428.343
08.01.2024 09:00:00,427.877
08.01.2024 10:00:00,426.389
08.01.2024 11:00:00,425.866
08.01.2024 12:00:00,426.773
08.01.2024 13:00:00,427.085
08.01.2024 14:00:00,427.2
08.01.2024 15:00:00,427.373
08.01.2024 16:00:00,425.17
08.01.2024 17:00:00,424.101
08.01.2024 18:00:00,424.094
08.01.2024 19:00:00,424.281
08.01.2024 20:00:00,424.454
08.01.2024 21:00:00,424.482
08.01.2024 22:00:00,424.486
08.01.2024 23:00:00,424.779
09.01.2024 00:00:00,424.985
09.01.2024 01:00:00,424.839
09.01.2024 02:00:00,424.624
09.01.2024 03:00:00,424.573
09.01.2024 04:00:00,424.446
09.01.2024 05:00:00,424.511
09.01.2024 06:00:00,424.409
09.01.2024 07:00:00,424.5
09.01.2024 08:00:00,425.163
09.01.2024 09:00:00,426.414
09.01.2024 10:00:00,427.241
09.01.2024 11:00:00,425.652
09.01.2024 12:00:00,427.696
09.01.2024 13:00:00,429.266
09.01.2024 14:00:00,429.19
09.01.2024 15:00:00,433.553
09.01.2024 16:00:00,431.159
09.01.2024 17:00:00,430.8
09.01.2024 18:00:00,430.419
09.01.2024 19:00:00,429.635
09.01.2024 20:00:00,429.232
09.01.2024 21:00:00,429.646
09.01.2024 22:00:00,430.211
09.01.2024 23:00:00,429.716
10.01.2024 00:00:00,427.882
10.01.2024 01:00:00,427.764
10.01.2024 02:00:00,428.376
10.01.2024 03:00:00,427.527
10.01.2024 04:00:00,426.805
10.01.2024 05:00:00,426.868
10.01.2024 06:00:00,427.001
10.01.2024 07:00:00,427.175
10.01.2024 08:00:00,428.277
10.01.2024 09:00:00,427.654
10.01.2024 10:00:00,427.822
10.01.2024 11:00:00,427.431
10.01.2024 12:00:00,428.651
10.01.2024 13:00:00,427.77
10.01.2024 14:00:00,425.95
10.01.2024 15:00:00,425.673
10.01.2024 16:00:00,425.209
10.01.2024 17:00:00,425.187
10.01.2024 18:00:00,425.291
10.01.2024 19:00:00,425.064
10.01.2024 20:00:00,425.501
10.01.2024 21:00:00,425.841
10.01.2024 22:00:00,425.686
10.01.2024 23:00:00,424.877
11.01.2024 00:00:00,424.795
11.01.2024 01:00:00,424.923
11.01.2024 02:00:00,425.009
11.01.2024 03:00:00,424.891
11.01.2024 04:00:00,424.869
11.01.2024 05:00:00,424.854
11.01.2024 06:00:00,424.828
11.01.2024 07:00:00,424.885
11.01.2024 08:00:00,425.112
11.01.2024 09:00:00,425.097
11.01.2024 10:00:00,425.053
11.01.2024 11:00:00,425.055
11.01.2024 12:00:00,425.035
11.01.2024 13:00:00,425.072
11.01.2024 14:00:00,424.939
11.01.2024 15:00:00,424.669
11.01.2024 16:00:00,424.57
11.01.2024 17:00:00,-999.99
11.01.2024 18:00:00,-999.99
11.01.2024 19:00:00,-999.99
11.01.2024 20:00:00,-999.99
11.01.2024 21:00:00,423.795
11.01.2024 22:00:00,424.329
11.01.2024 23:00:00,424.415
12.01.2024 00:00:00,424.471
12.01.2024 01:00:00,424.483
12.01.2024 02:00:00,424.537
12.01.2024 03:00:00,424.718
12.01.2024 04:00:00,424.276
12.01.2024 05:00:00,424.078
12.01.2024 06:00:00,424.174
12.01.2024 07:00:00,424.287
12.01.2024 08:00:00,-999.99
12.01.2024 09:00:00,424.688
12.01.2024 10:00:00,424.809
12.01.2024 11:00:00,424.562
12.01.2024 12:00:00,424.703
12.01.2024 13:00:00,424.697
12.01.2024 14:00:00,424.668
12.01.2024 15:00:00,424.492
12.01.2024 16:00:00,424.606
12.01.2024 17:00:00,424.614
12.01.2024 18:00:00,424.628
12.01.2024 19:00:00,424.665
12.01.2024 20:00:00,424.622
12.01.2024 21:00:00,424.56
12.01.2024 22:00:00,424.65
12.01.2024 23:00:00,424.491
13.01.2024 00:00:00,424.08
13.01.2024 01:00:00,423.913
13.01.2024 02:00:00,423.682
13.01.2024 03:00:00,423.547
13.01.2024 04:00:00,423.455
13.01.2024 05:00:00,423.383
13.01.2024 06:00:00,423.437
13.01.2024 07:00:00,423.485
13.01.2024 08:00:00,423.566
13.01.2024 09:00:00,423.847
13.01.2024 10:00:00,424.203
13.01.2024 11:00:00,424.514
13.01.2024 12:00:00,424.541
13.01.2024 13:00:00,424.626
13.01.2024 14:00:00,424.418
13.01.2024 15:00:00,424.332
13.01.2024 16:00:00,424.364
13.01.2024 17:00:00,424.526
13.01.2024 18:00:00,424.542
13.01.2024 19:00:00,424.383
13.01.2024 20:00:00,424.372
13.01.2024 21:00:00,424.288
13.01.2024 22:00:00,424.658
13.01.2024 23:00:00,424.842
14.01.2024 00:00:00,424.912
14.01.2024 01:00:00,424.835
14.01.2024 02:00:00,424.636
14.01.2024 03:00:00,424.537
14.01.2024 04:00:00,424.567
14.01.2024 05:00:00,424.306
14.01.2024 06:00:00,424.221
14.01.2024 07:00:00,424.62
14.01.2024 08:00:00,424.735
14.01.2024 09:00:00,424.737
14.01.2024 10:00:00,424.667
14.01.2024 11:00:00,424.62
14.01.2024 12:00:00,424.45
14.01.2024 13:00:00,424.424
14.01.2024 14:00:00,424.136
14.01.2024 15:00:00,423.685
14.01.2024 16:00:00,423.681
14.01.2024 17:00:00,423.668
14.01.2024 18:00:00,424.079
14.01.2024 19:00:00,424.237
14.01.2024 20:00:00,424.155
14.01.2024 21:00:00,424.241
14.01.2024 22:00:00,424.353
14.01.2024 23:00:00,424.496
15.01.2024 00:00:00,424.276
15.01.2024 01:00:00,424.283
15.01.2024 02:00:00,424.392
15.01.2024 03:00:00,424.554
15.01.2024 04:00:00,424.517
15.01.2024 05:00:00,424.497
15.01.2024 06:00:00,424.352
15.01.2024 07:00:00,425.369
15.01.2024 08:00:00,424.87
15.01.2024 09:00:00,424.841
15.01.2024 10:00:00,424.841
15.01.2024 11:00:00,424.947
15.01.2024 12:00:00,425.787
15.01.2024 13:00:00,426.619
15.01.2024 14:00:00,427.574
15.01.2024 15:00:00,427.368
15.01.2024 16:00:00,427.136
15.01.2024 17:00:00,426.211
15.01.2024 18:00:00,425.909
15.01.2024 19:00:00,425.851
15.01.2024 20:00:00,425.19
15.01.2024 21:00:00,424.75
15.01.2024 22:00:00,425.212
15.01.2024 23:00:00,425.342
16.01.2024 00:00:00,424.816
16.01.2024 01:00:00,424.625
16.01.2024 02:00:00,424.566
16.01.2024 03:00:00,424.347
16.01.2024 04:00:00,424.268
16.01.2024 05:00:00,424.132
16.01.2024 06:00:00,424.178
16.01.2024 07:00:00,424.616
16.01.2024 08:00:00,424.557
16.01.2024 09:00:00,424.667
16.01.2024 10:00:00,424.837
16.01.2024 11:00:00,424.838
16.01.2024 12:00:00,425.028
16.01.2024 13:00:00,424.98
16.01.2024 14:00:00,425.994
16.01.2024 15:00:00,425.644
16.01.2024 16:00:00,424.114
16.01.2024 17:00:00,424.886
16.01.2024 18:00:00,425.393
16.01.2024 19:00:00,425.326
16.01.2024 20:00:00,425.164
16.01.2024 21:00:00,425.124
16.01.2024 22:00:00,425.124
16.01.2024 23:00:00,424.699
17.01.2024 00:00:00,424.23
17.01.2024 01:00:00,423.915
17.01.2024 02:00:00,424.164
17.01.2024 03:00:00,424.203
17.01.2024 04:00:00,424.356
17.01.2024 05:00:00,424.716
17.01.2024 06:00:00,424.616
17.01.2024 07:00:00,424.338
17.01.2024 08:00:00,424.648
17.01.2024 09:00:00,425.207
17.01.2024 10:00:00,425.427
17.01.2024 11:00:00,425.424
17.01.2024 12:00:00,425.557
17.01.2024 13:00:00,425.393
17.01.2024 14:00:00,425.428
17.01.2024 15:00:00,425.276
17.01.2024 16:00:00,425.248
17.01.2024 17:00:00,425.243
17.01.2024 18:00:00,425.257
17.01.2024 19:00:00,425.232
17.01.2024 20:00:00,425.407
17.01.2024 21:00:00,425.508
17.01.2024 22:00:00,426.356
17.01.2024 23:00:00,425.992
18.01.2024 00:00:00,425.701
18.01.2024 01:00:00,425.976
18.01.2024 02:00:00,425.395
18.01.2024 03:00:00,425.584
18.01.2024 04:00:00,425.637
18.01.2024 05:00:00,425.832
18.01.2024 06:00:00,425.849
18.01.2024 07:00:00,426.105
18.01.2024 08:00:00,426.73
18.01.2024 09:00:00,-999.99
18.01.2024 10:00:00,-999.99
18.01.2024 11:00:00,460.122
18.01.2024 12:00:00,437.378
18.01.2024 13:00:00,434.392
18.01.2024 14:00:00,435.534
18.01.2024 15:00:00,433.172
18.01.2024 16:00:00,431.756
18.01.2024 17:00:00,430.395
18.01.2024 18:00:00,429.27
18.01.2024 19:00:00,431.01
18.01.2024 20:00:00,432.406
18.01.2024 21:00:00,431.817
18.01.2024 22:00:00,433.652
18.01.2024 23:00:00,435.845
19.01.2024 00:00:00,427.34
19.01.2024 01:00:00,428.355
19.01.2024 02:00:00,430.767
19.01.2024 03:00:00,432.7
19.01.2024 04:00:00,432.326
19.01.2024 05:00:00,433.057
19.01.2024 06:00:00,432.18
19.01.2024 07:00:00,431.597
19.01.2024 08:00:00,433.885
19.01.2024 09:00:00,436.218
19.01.2024 10:00:00,436.401
19.01.2024 11:00:00,432.456
19.01.2024 12:00:00,430.16
19.01.2024 13:00:00,431.471
19.01.2024 14:00:00,430.634
19.01.2024 15:00:00,429.085
19.01.2024 16:00:00,427.72
19.01.2024 17:00:00,426.564
19.01.2024 18:00:00,425.497
19.01.2024 19:00:00,425.125
19.01.2024 20:00:00,425.002
19.01.2024 21:00:00,424.973
19.01.2024 22:00:00,424.907
19.01.2024 23:00:00,424.713
20.01.2024 00:00:00,424.72
20.01.2024 01:00:00,424.225
20.01.2024 02:00:00,424.122
20.01.2024 03:00:00,424.265
20.01.2024 04:00:00,424.377
20.01.2024 05:00:00,424.214
20.01.2024 06:00:00,424.072
20.01.2024 07:00:00,424.223
20.01.2024 08:00:00,424.349
20.01.2024 09:00:00,424.461
20.01.2024 10:00:00,424.436
20.01.2024 11:00:00,424.601
20.01.2024 12:00:00,-999.99
20.01.2024 13:00:00,-999.99
20.01.2024 14:00:00,-999.99
20.01.2024 15:00:00,424.533
20.01.2024 16:00:00,423.887
20.01.2024 17:00:00,423.579
20.01.2024 18:00:00,423.705
20.01.2024 19:00:00,423.7
20.01.2024 20:00:00,423.799
20.01.2024 21:00:00,423.814
20.01.2024 22:00:00,423.773
20.01.2024 23:00:00,423.747
21.01.2024 00:00:00,423.758
21.01.2024 01:00:00,423.714
21.01.2024 02:00:00,423.704
21.01.2024 03:00:00,423.985
21.01.2024 04:00:00,423.998
21.01.2024 05:00:00,423.999
21.01.2024 06:00:00,423.958
21.01.2024 07:00:00,424.158
21.01.2024 08:00:00,424.245
21.01.2024 09:00:00,424.263
21.01.2024 10:00:00,423.795
21.01.2024 11:00:00,423.772
21.01.2024 12:00:00,424.228
21.01.2024 13:00:00,424.584
21.01.2024 14:00:00,424.764
21.01.2024 15:00:00,425.292
21.01.2024 16:00:00,425.068
21.01.2024 17:00:00,425.153
21.01.2024 18:00:00,425.356
21.01.2024 19:00:00,425.378
21.01.2024 20:00:00,425.409
21.01.2024 21:00:00,424.857
21.01.2024 22:00:00,425.373
21.01.2024 23:00:00,425.481
22.01.2024 00:00:00,425.877
22.01.2024 01:00:00,426.101
22.01.2024 02:00:00,426.115
22.01.2024 03:00:00,426.05
22.01.2024 04:00:00,425.834
22.01.2024 05:00:00,425.034
22.01.2024 06:00:00,424.256
22.01.2024 07:00:00,424.573
22.01.2024 08:00:00,425.136
22.01.2024 09:00:00,425.654
22.01.2024 10:00:00,424.537
22.01.2024 11:00:00,424.271
22.01.2024 12:00:00,424.946
22.01.2024 13:00:00,425.433
22.01.2024 14:00:00,425.793
22.01.2024 15:00:00,425.811
22.01.2024 16:00:00,425.856
22.01.2024 17:00:00,425.798
22.01.2024 18:00:00,426.666
22.01.2024 19:00:00,426.693
22.01.2024 20:00:00,426.702
22.01.2024 21:00:00,426.69
22.01.2024 22:00:00,426.741
22.01.2024 23:00:00,426.852
23.01.2024 00:00:00,426.654
23.01.2024 01:00:00,426.908
23.01.2024 02:00:00,426.838
23.01.2024 03:00:00,426.658
23.01.2024 04:00:00,426.608
23.01.2024 05:00:00,426.475
23.01.2024 06:00:00,426.453
23.01.2024 07:00:00,426.813
23.01.2024 08:00:00,426.703
23.01.2024 09:00:00,426.085
23.01.2024 10:00:00,425.981
23.01.2024 11:00:00,426.263
23.01.2024 12:00:00,426.575
23.01.2024 13:00:00,426.38
23.01.2024 14:00:00,426.847
23.01.2024 15:00:00,426.176
23.01.2024 16:00:00,424.908
23.01.2024 17:00:00,424.572
23.01.2024 18:00:00,424.32
23.01.2024 19:00:00,423.76
23.01.2024 20:00:00,423.407
23.01.2024 21:00:00,423.384
23.01.2024 22:00:00,423.24
23.01.2024 23:00:00,422.953
24.01.2024 00:00:00,422.892
24.01.2024 01:00:00,422.87
24.01.2024 02:00:00,422.845
24.01.2024 03:00:00,422.873
24.01.2024 04:00:00,422.9
24.01.2024 05:00:00,422.986
24.01.2024 06:00:00,423.046
24.01.2024 07:00:00,423.261
24.01.2024 08:00:00,423.741
24.01.2024 09:00:00,423.602
24.01.2024 10:00:00,424.222
24.01.2024 11:00:00,424.196
24.01.2024 12:00:00,424.54
24.01.2024 13:00:00,424.465
24.01.2024 14:00:00,424.384
24.01.2024 15:00:00,424.254
24.01.2024 16:00:00,424.263
24.01.2024 17:00:00,424.259
24.01.2024 18:00:00,424.277
24.01.2024 19:00:00,424.352
24.01.2024 20:00:00,424.403
24.01.2024 21:00:00,424.537
24.01.2024 22:00:00,424.549
24.01.2024 23:00:00,424.53
25.01.2024 00:00:00,424.272
25.01.2024 01:00:00,424.108
25.01.2024 02:00:00,424.148
25.01.2024 03:00:00,424.154
25.01.2024 04:00:00,424.172
25.01.2024 05:00:00,424.3
25.01.2024 06:00:00,424.356
25.01.2024 07:00:00,423.97
25.01.2024 08:00:00,423.897
25.01.2024 09:00:00,424.309
25.01.2024 10:00:00,424.161
25.01.2024 11:00:00,424.022
25.01.2024 12:00:00,423.977
25.01.2024 13:00:00,424.508
25.01.2024 14:00:00,424.417
25.01.2024 15:00:00,424.69
25.01.2024 16:00:00,423.84
25.01.2024 17:00:00,423.889
25.01.2024 18:00:00,423.922
25.01.2024 19:00:00,423.935
25.01.2024 20:00:00,424.002
25.01.2024 21:00:00,423.846
25.01.2024 22:00:00,423.287
25.01.2024 23:00:00,423.046
26.01.2024 00:00:00,423.095
26.01.2024 01:00:00,423.205
26.01.2024 02:00:00,422.931
26.01.2024 03:00:00,423.111
26.01.2024 04:00:00,423.408
26.01.2024 05:00:00,423.832
26.01.2024 06:00:00,423.74
26.01.2024 07:00:00,423.739
26.01.2024 08:00:00,424.03
26.01.2024 09:00:00,424.204
26.01.2024 10:00:00,424.895
26.01.2024 11:00:00,424.52
26.01.2024 12:00:00,424.577
26.01.2024 13:00:00,424.399
26.01.2024 14:00:00,424.337
26.01.2024 15:00:00,425.354
26.01.2024 16:00:00,425.582
26.01.2024 17:00:00,425.521
26.01.2024 18:00:00,426.347
26.01.2024 19:00:00,426.655
26.01.2024 20:00:00,426.427
26.01.2024 21:00:00,427.851
26.01.2024 22:00:00,426.557
26.01.2024 23:00:00,426.202
27.01.2024 00:00:00,426.092
27.01.2024 01:00:00,425.974
27.01.2024 02:00:00,426.073
27.01.2024 03:00:00,426.146
27.01.2024 04:00:00,426.314
27.01.2024 05:00:00,426.398
27.01.2024 06:00:00,426.32
27.01.2024 07:00:00,426.221
27.01.2024 08:00:00,426.256
27.01.2024 09:00:00,426.861
27.01.2024 10:00:00,427.12
27.01.2024 11:00:00,426.295
27.01.2024 12:00:00,426.236
27.01.2024 13:00:00,427.727
27.01.2024 14:00:00,426.858
27.01.2024 15:00:00,426.533
27.01.2024 16:00:00,426.642
27.01.2024 17:00:00,426.562
27.01.2024 18:00:00,426.475
27.01.2024 19:00:00,425.533
27.01.2024 20:00:00,425.43
27.01.2024 21:00:00,425.442
27.01.2024 22:00:00,425.355
27.01.2024 23:00:00,425.147
28.01.2024 00:00:00,425.284
28.01.2024 01:00:00,425.292
28.01.2024 02:00:00,425.283
28.01.2024 03:00:00,425.366
28.01.2024 04:00:00,425.309
28.01.2024 05:00:00,425.314
28.01.2024 06:00:00,425.569
28.01.2024 07:00:00,425.28
28.01.2024 08:00:00,425.173
28.01.2024 09:00:00,425.414
28.01.2024 10:00:00,425.454
28.01.2024 11:00:00,425.376
28.01.2024 12:00:00,425.243
28.01.2024 13:00:00,424.996
28.01.2024 14:00:00,424.641
28.01.2024 15:00:00,425.131
28.01.2024 16:00:00,425.123
28.01.2024 17:00:00,425.06
28.01.2024 18:00:00,425.045
28.01.2024 19:00:00,424.456
28.01.2024 20:00:00,424.178
28.01.2024 21:00:00,424.183
28.01.2024 22:00:00,424.174
28.01.2024 23:00:00,424.12
29.01.2024 00:00:00,424.133
29.01.2024 01:00:00,424.116
29.01.2024 02:00:00,424.122
29.01.2024 03:00:00,424.192
29.01.2024 04:00:00,424.171
29.01.2024 05:00:00,424.141
29.01.2024 06:00:00,424.437
29.01.2024 07:00:00,424.653
29.01.2024 08:00:00,424.813
29.01.2024 09:00:00,425.612
29.01.2024 10:00:00,426.296
29.01.2024 11:00:00,425.452
29.01.2024 12:00:00,425.222
29.01.2024 13:00:00,425.673
29.01.2024 14:00:00,425.401
29.01.2024 15:00:00,425.428
29.01.2024 16:00:00,425.848
29.01.2024 17:00:00,425.22
29.01.2024 18:00:00,424.272
29.01.2024 19:00:00,424.253
29.01.2024 20:00:00,423.926
29.01.2024 21:00:00,423.865
29.01.2024 22:00:00,423.867
29.01.2024 23:00:00,423.786
30.01.2024 00:00:00,423.756
30.01.2024 01:00:00,423.692
30.01.2024 02:00:00,423.725
30.01.2024 03:00:00,-999.99
30.01.2024 04:00:00,-999.99
30.01.2024 05:00:00,-999.99
30.01.2024 06:00:00,423.983
30.01.2024 07:00:00,424.012
30.01.2024 08:00:00,424.747
30.01.2024 09:00:00,425.611
30.01.2024 10:00:00,425.709
30.01.2024 11:00:00,425.753
30.01.2024 12:00:00,425.424
30.01.2024 13:00:00,425.127
30.01.2024 14:00:00,425.783
30.01.2024 15:00:00,426.037
30.01.2024 16:00:00,425.799
30.01.2024 17:00:00,425.534
30.01.2024 18:00:00,424.155
30.01.2024 19:00:00,423.904
30.01.2024 20:00:00,424.793
30.01.2024 21:00:00,423.96
30.01.2024 22:00:00,423.434
30.01.2024 23:00:00,423.168
31.01.2024 00:00:00,423.2
31.01.2024 01:00:00,423.05
31.01.2024 02:00:00,423.495
31.01.2024 03:00:00,423.053
31.01.2024 04:00:00,422.864
31.01.2024 05:00:00,423.298
31.01.2024 06:00:00,424.243
31.01.2024 07:00:00,424.588
31.01.2024 08:00:00,425.273
31.01.2024 09:00:00,426.252
31.01.2024 10:00:00,426.67
31.01.2024 11:00:00,426.604
31.01.2024 12:00:00,427.394
31.01.2024 13:00:00,426.878
31.01.2024 14:00:00,427.257
31.01.2024 15:00:00,426.594
31.01.2024 16:00:00,426.67
31.01.2024 17:00:00,426.168
31.01.2024 18:00:00,425.325
31.01.2024 19:00:00,425.509
31.01.2024 20:00:00,425.826
31.01.2024 21:00:00,426.007
31.01.2024 22:00:00,425.949
31.01.2024 23:00:00,425.471
01.02.2024 00:00:00,425.722
01.02.2024 01:00:00,425.762
01.02.2024 02:00:00,425.457
01.02.2024 03:00:00,425.343
01.02.2024 04:00:00,425.273
01.02.2024 05:00:00,425.055
01.02.2024 06:00:00,425.742
01.02.2024 07:00:00,425.996
01.02.2024 08:00:00,425.949
01.02.2024 09:00:00,426.373
01.02.2024 10:00:00,426.819
01.02.2024 11:00:00,426.7
01.02.2024 12:00:00,425.972
01.02.2024 13:00:00,425.71
01.02.2024 14:00:00,425.808
01.02.2024 15:00:00,425.997
01.02.2024 16:00:00,426.484
01.02.2024 17:00:00,426.246
01.02.2024 18:00:00,426.253
01.02.2024 19:00:00,426.175
01.02.2024 20:00:00,426.261
01.02.2024 21:00:00,426.042
01.02.2024 22:00:00,425.888
01.02.2024 23:00:00,425.796
02.02.2024 00:00:00,425.781
02.02.2024 01:00:00,425.776
02.02.2024 02:00:00,425.772
02.02.2024 03:00:00,425.755
02.02.2024 04:00:00,425.834
02.02.2024 05:00:00,425.862
02.02.2024 06:00:00,425.605
02.02.2024 07:00:00,425.205
02.02.2024 08:00:00,425.196
02.02.2024 09:00:00,425.138
02.02.2024 10:00:00,424.668
02.02.2024 11:00:00,424.55
02.02.2024 12:00:00,424.131
02.02.2024 13:00:00,424.08
02.02.2024 14:00:00,424.121
02.02.2024 15:00:00,424.1
02.02.2024 16:00:00,424.296
02.02.2024 17:00:00,424.012
02.02.2024 18:00:00,423.563
02.02.2024 19:00:00,423.204
02.02.2024 20:00:00,423.046
02.02.2024 21:00:00,423.008
02.02.2024 22:00:00,422.986
02.02.2024 23:00:00,422.969
03.02.2024 00:00:00,422.971
03.02.2024 01:00:00,423.035
03.02.2024 02:00:00,422.84
03.02.2024 03:00:00,422.872
03.02.2024 04:00:00,423.148
03.02.2024 05:00:00,423.135
03.02.2024 06:00:00,423.111
03.02.2024 07:00:00,423.29
03.02.2024 08:00:00,423.26
03.02.2024 09:00:00,424.365
03.02.2024 10:00:00,426.342
03.02.2024 11:00:00,427.433
03.02.2024 12:00:00,426.454
03.02.2024 13:00:00,426.378
03.02.2024 14:00:00,427.431
03.02.2024 15:00:00,426.675
03.02.2024 16:00:00,425.655
03.02.2024 17:00:00,425.524
03.02.2024 18:00:00,425.721
03.02.2024 19:00:00,425.186
03.02.2024 20:00:00,425.094
03.02.2024 21:00:00,425.03
03.02.2024 22:00:00,424.989
03.02.2024 23:00:00,425.001
04.02.2024 00:00:00,425.141
04.02.2024 01:00:00,425.097
04.02.2024 02:00:00,425.296
04.02.2024 03:00:00,424.934
04.02.2024 04:00:00,424.903
04.02.2024 05:00:00,425.335
04.02.2024 06:00:00,424.868
04.02.2024 07:00:00,425.141
04.02.2024 08:00:00,424.772
04.02.2024 09:00:00,425.268
04.02.2024 10:00:00,424.952
04.02.2024 11:00:00,424.656
04.02.2024 12:00:00,424.676
04.02.2024 13:00:00,425.269
04.02.2024 14:00:00,425.733
04.02.2024 15:00:00,425.834
04.02.2024 16:00:00,425.789
04.02.2024 17:00:00,425.423
04.02.2024 18:00:00,424.659
04.02.2024 19:00:00,425.665
04.02.2024 20:00:00,425.641
04.02.2024 21:00:00,425.54
04.02.2024 22:00:00,425.177
04.02.2024 23:00:00,424.927
05.02.2024 00:00:00,424.973
05.02.2024 01:00:00,425.034
05.02.2024 02:00:00,425.041
05.02.2024 03:00:00,424.798
05.02.2024 04:00:00,424.791
05.02.2024 05:00:00,424.695
05.02.2024 06:00:00,424.496
05.02.2024 07:00:00,424.873
05.02.2024 08:00:00,424.984
05.02.2024 09:00:00,424.969
05.02.2024 10:00:00,425.324
05.02.2024 11:00:00,425.78
05.02.2024 12:00:00,426.139
05.02.2024 13:00:00,425.866
05.02.2024 14:00:00,426.555
05.02.2024 15:00:00,426.041
05.02.2024 16:00:00,426.091
05.02.2024 17:00:00,425.883
05.02.2024 18:00:00,425.671
05.02.2024 19:00:00,425.402
05.02.2024 20:00:00,425.262
05.02.2024 21:00:00,425.289
05.02.2024 22:00:00,424.642
05.02.2024 23:00:00,424.334
06.02.2024 00:00:00,424.789
06.02.2024 01:00:00,424.406
06.02.2024 02:00:00,424.263
06.02.2024 03:00:00,424.106
06.02.2024 04:00:00,423.833
06.02.2024 05:00:00,423.867
06.02.2024 06:00:00,423.866
06.02.2024 07:00:00,423.905
06.02.2024 08:00:00,424.734
06.02.2024 09:00:00,425.635
06.02.2024 10:00:00,425.801
06.02.2024 11:00:00,425.076
06.02.2024 12:00:00,424.706
06.02.2024 13:00:00,425.017
06.02.2024 14:00:00,424.961
06.02.2024 15:00:00,425.119
06.02.2024 16:00:00,425.888
06.02.2024 17:00:00,425.299
06.02.2024 18:00:00,424.68
06.02.2024 19:00:00,424.271
06.02.2024 20:00:00,424.494
06.02.2024 21:00:00,424.44
06.02.2024 22:00:00,424.473
06.02.2024 23:00:00,424.48
07.02.2024 00:00:00,424.415
07.02.2024 01:00:00,424.301
07.02.2024 02:00:00,424.219
07.02.2024 03:00:00,424.337
07.02.2024 04:00:00,424.281
07.02.2024 05:00:00,424.341
07.02.2024 06:00:00,424.375
07.02.2024 07:00:00,424.819
07.02.2024 08:00:00,425.506
07.02.2024 09:00:00,425.641
07.02.2024 10:00:00,425.575
07.02.2024 11:00:00,425.534
07.02.2024 12:00:00,425.679
07.02.2024 13:00:00,425.268
07.02.2024 14:00:00,425.274
07.02.2024 15:00:00,425.696
07.02.2024 16:00:00,425.68
07.02.2024 17:00:00,-999.99
07.02.2024 18:00:00,-999.99
07.02.2024 19:00:00,-999.99
07.02.2024 20:00:00,424.954
07.02.2024 21:00:00,424.818
07.02.2024 22:00:00,424.762
07.02.2024 23:00:00,424.951
08.02.2024 00:00:00,425.13
08.02.2024 01:00:00,425.866
08.02.2024 02:00:00,425.778
08.02.2024 03:00:00,425.72
08.02.2024 04:00:00,425.005
08.02.2024 05:00:00,424.755
08.02.2024 06:00:00,424.483
08.02.2024 07:00:00,424.685
08.02.2024 08:00:00,424.542
08.02.2024 09:00:00,425.333
08.02.2024 10:00:00,424.753
08.02.2024 11:00:00,424.227
08.02.2024 12:00:00,424.669
08.02.2024 13:00:00,424.205
08.02.2024 14:00:00,424.101
08.02.2024 15:00:00,424.032
08.02.2024 16:00:00,424.006
08.02.2024 17:00:00,424.12
08.02.2024 18:00:00,424.116
08.02.2024 19:00:00,424.285
08.02.2024 20:00:00,424.399
08.02.2024 21:00:00,424.602
08.02.2024 22:00:00,425.503
08.02.2024 23:00:00,427.251
09.02.2024 00:00:00,428.372
09.02.2024 01:00:00,429.088
09.02.2024 02:00:00,429.573
09.02.2024 03:00:00,429.967
09.02.2024 04:00:00,430.127
09.02.2024 05:00:00,434.59
09.02.2024 06:00:00,436.485
09.02.2024 07:00:00,439
09.02.2024 08:00:00,438.699
09.02.2024 09:00:00,434.995
09.02.2024 10:00:00,433.033
09.02.2024 11:00:00,433.055
09.02.2024 12:00:00,431.529
09.02.2024 13:00:00,430.786
09.02.2024 14:00:00,434.462
09.02.2024 15:00:00,431.597
09.02.2024 16:00:00,431.539
09.02.2024 17:00:00,431.398
09.02.2024 18:00:00,432.896
09.02.2024 19:00:00,432.009
09.02.2024 20:00:00,430.928
09.02.2024 21:00:00,428.776
09.02.2024 22:00:00,428.836
09.02.2024 23:00:00,430.221
10.02.2024 00:00:00,431.238
10.02.2024 01:00:00,431.304
10.02.2024 02:00:00,430.092
10.02.2024 03:00:00,429.248
10.02.2024 04:00:00,428.544
10.02.2024 05:00:00,427.517
10.02.2024 06:00:00,426.2
10.02.2024 07:00:00,426.305
10.02.2024 08:00:00,426.454
10.02.2024 09:00:00,426.526
10.02.2024 10:00:00,426.522
10.02.2024 11:00:00,426.599
10.02.2024 12:00:00,426.71
10.02.2024 13:00:00,426.35
10.02.2024 14:00:00,426.235
10.02.2024 15:00:00,426.115
10.02.2024 16:00:00,426.056
10.02.2024 17:00:00,426.159
10.02.2024 18:00:00,425.963
10.02.2024 19:00:00,425.93
10.02.2024 20:00:00,425.806
10.02.2024 21:00:00,425.393
10.02.2024 22:00:00,425.374
10.02.2024 23:00:00,425.657
11.02.2024 00:00:00,426.515
11.02.2024 01:00:00,426.259
11.02.2024 02:00:00,426.316
11.02.2024 03:00:00,428.328
11.02.2024 04:00:00,428.474
11.02.2024 05:00:00,427.06
11.02.2024 06:00:00,426.919
11.02.2024 07:00:00,426.813
11.02.2024 08:00:00,427.394
11.02.2024 09:00:00,428.341
11.02.2024 10:00:00,428.687
11.02.2024 11:00:00,428.681
11.02.2024 12:00:00,428.685
11.02.2024 13:00:00,428.503
11.02.2024 14:00:00,428.167
11.02.2024 15:00:00,427.801
11.02.2024 16:00:00,428.605
11.02.2024 17:00:00,428.903
11.02.2024 18:00:00,429.012
11.02.2024 19:00:00,428.939
11.02.2024 20:00:00,428.899
11.02.2024 21:00:00,428.878
11.02.2024 22:00:00,428.868
11.02.2024 23:00:00,428.622
12.02.2024 00:00:00,428.52
12.02.2024 01:00:00,428.471
12.02.2024 02:00:00,428.515
12.02.2024 03:00:00,428.394
12.02.2024 04:00:00,428.131
12.02.2024 05:00:00,427.043
12.02.2024 06:00:00,426.038
12.02.2024 07:00:00,425.898
12.02.2024 08:00:00,425.812
12.02.2024 09:00:00,425.487
12.02.2024 10:00:00,425.599
12.02.2024 11:00:00,425.804
12.02.2024 12:00:00,425.998
12.02.2024 13:00:00,426.314
12.02.2024 14:00:00,426.555
12.02.2024 15:00:00,426.641
12.02.2024 16:00:00,427.049
12.02.2024 17:00:00,427.218
12.02.2024 18:00:00,427.407
12.02.2024 19:00:00,427.469
12.02.2024 20:00:00,427.718
12.02.2024 21:00:00,427.253
12.02.2024 22:00:00,426.786
12.02.2024 23:00:00,426.735
13.02.2024 00:00:00,426.727
13.02.2024 01:00:00,426.625
13.02.2024 02:00:00,426.871
13.02.2024 03:00:00,427.435
13.02.2024 04:00:00,426.262
13.02.2024 05:00:00,425.872
13.02.2024 06:00:00,425.761
13.02.2024 07:00:00,425.398
13.02.2024 08:00:00,425.516
13.02.2024 09:00:00,426.284
13.02.2024 10:00:00,427.408
13.02.2024 11:00:00,426.695
13.02.2024 12:00:00,425.754
13.02.2024 13:00:00,425.244
13.02.2024 14:00:00,424.898
13.02.2024 15:00:00,425.656
13.02.2024 16:00:00,424.87
13.02.2024 17:00:00,424.779
13.02.2024 18:00:00,424.539
13.02.2024 19:00:00,424.326
13.02.2024 20:00:00,424.367
13.02.2024 21:00:00,424.638
13.02.2024 22:00:00,424.949
13.02.2024 23:00:00,425.523
14.02.2024 00:00:00,425.701
14.02.2024 01:00:00,425.864
14.02.2024 02:00:00,425.624
14.02.2024 03:00:00,425.552
14.02.2024 04:00:00,425.585
14.02.2024 05:00:00,425.57
14.02.2024 06:00:00,425.831
14.02.2024 07:00:00,425.957
14.02.2024 08:00:00,425.954
14.02.2024 09:00:00,425.955
14.02.2024 10:00:00,425.855
14.02.2024 11:00:00,425.916
14.02.2024 12:00:00,425.961
14.02.2024 13:00:00,425.968
14.02.2024 14:00:00,426.007
14.02.2024 15:00:00,425.851
14.02.2024 16:00:00,425.704
14.02.2024 17:00:00,425.579
14.02.2024 18:00:00,425.71
14.02.2024 19:00:00,425.908
14.02.2024 20:00:00,425.969
14.02.2024 21:00:00,425.942
14.02.2024 22:00:00,425.885
14.02.2024 23:00:00,425.875
15.02.2024 00:00:00,425.797
15.02.2024 01:00:00,425.845
15.02.2024 02:00:00,425.895
15.02.2024 03:00:00,425.911
15.02.2024 04:00:00,425.747
15.02.2024 05:00:00,424.7
15.02.2024 06:00:00,424.384
15.02.2024 07:00:00,424.246
15.02.2024 08:00:00,424.191
15.02.2024 09:00:00,424.177
15.02.2024 10:00:00,423.941
15.02.2024 11:00:00,423.785
15.02.2024 12:00:00,423.444
15.02.2024 13:00:00,423.587
15.02.2024 14:00:00,423.315
15.02.2024 15:00:00,423.086
15.02.2024 16:00:00,423.104
15.02.2024 17:00:00,423.411
15.02.2024 18:00:00,423.485
15.02.2024 19:00:00,423.421
15.02.2024 20:00:00,422.915
15.02.2024 21:00:00,422.963
15.02.2024 22:00:00,422.981
15.02.2024 23:00:00,423.004
16.02.2024 00:00:00,422.942
16.02.2024 01:00:00,422.967
16.02.2024 02:00:00,422.963
16.02.2024 03:00:00,422.949
16.02.2024 04:00:00,422.982
16.02.2024 05:00:00,423.013
16.02.2024 06:00:00,423.066
16.02.2024 07:00:00,423.101
16.02.2024 08:00:00,423.361
16.02.2024 09:00:00,423.237
16.02.2024 10:00:00,423.254
16.02.2024 11:00:00,423.204
16.02.2024 12:00:00,423.322
16.02.2024 13:00:00,423.605
16.02.2024 14:00:00,423.43
16.02.2024 15:00:00,423.559
16.02.2024 16:00:00,423.621
16.02.2024 17:00:00,423.422
16.02.2024 18:00:00,423.577
16.02.2024 19:00:00,424.209
16.02.2024 20:00:00,424.038
16.02.2024 21:00:00,424.302
16.02.2024 22:00:00,424.533
16.02.2024 23:00:00,424.42
17.02.2024 00:00:00,424.596
17.02.2024 01:00:00,424.793
17.02.2024 02:00:00,425.02
17.02.2024 03:00:00,425.027
17.02.2024 04:00:00,425.028
17.02.2024 05:00:00,425.06
17.02.2024 06:00:00,425.029
17.02.2024 07:00:00,424.929
17.02.2024 08:00:00,-999.99
17.02.2024 09:00:00,-999.99
17.02.2024 10:00:00,-999.99
17.02.2024 11:00:00,424.018
17.02.2024 12:00:00,424.052
17.02.2024 13:00:00,424.007
17.02.2024 14:00:00,423.973
17.02.2024 15:00:00,423.948
17.02.2024 16:00:00,423.924
17.02.2024 17:00:00,423.942
17.02.2024 18:00:00,423.897
17.02.2024 19:00:00,423.948
17.02.2024 20:00:00,424.937
17.02.2024 21:00:00,425.607
17.02.2024 22:00:00,425.893
17.02.2024 23:00:00,425.868
18.02.2024 00:00:00,425.871
18.02.2024 01:00:00,425.674
18.02.2024 02:00:00,425.722
18.02.2024 03:00:00,425.528
18.02.2024 04:00:00,425.737
18.02.2024 05:00:00,425.8
18.02.2024 06:00:00,426.588
18.02.2024 07:00:00,427.254
18.02.2024 08:00:00,428.09
18.02.2024 09:00:00,428.346
18.02.2024 10:00:00,428.623
18.02.2024 11:00:00,428.301
18.02.2024 12:00:00,428.389
18.02.2024 13:00:00,427.527
18.02.2024 14:00:00,428.141
18.02.2024 15:00:00,427.734
18.02.2024 16:00:00,427.427
18.02.2024 17:00:00,426.585
18.02.2024 18:00:00,426.556
18.02.2024 19:00:00,425.862
18.02.2024 20:00:00,425.536
18.02.2024 21:00:00,426.139
18.02.2024 22:00:00,-999.99
18.02.2024 23:00:00,426.912
19.02.2024 00:00:00,426.92
19.02.2024 01:00:00,426.978
19.02.2024 02:00:00,427.003
19.02.2024 03:00:00,427.413
19.02.2024 04:00:00,427.855
19.02.2024 05:00:00,427.886
19.02.2024 06:00:00,427.818
19.02.2024 07:00:00,428.07
19.02.2024 08:00:00,428.101
19.02.2024 09:00:00,428.088
19.02.2024 10:00:00,428.401
19.02.2024 11:00:00,428.852
19.02.2024 12:00:00,429.407
19.02.2024 13:00:00,429.415
19.02.2024 14:00:00,428.927
19.02.2024 15:00:00,429.155
19.02.2024 16:00:00,429.269
19.02.2024 17:00:00,428.885
19.02.2024 18:00:00,428.285
19.02.2024 19:00:00,428.918
19.02.2024 20:00:00,428.671
19.02.2024 21:00:00,428.231
19.02.2024 22:00:00,427.76
19.02.2024 23:00:00,428.288
20.02.2024 00:00:00,428.81
20.02.2024 01:00:00,428.503
20.02.2024 02:00:00,428.265
20.02.2024 03:00:00,428.399
20.02.2024 04:00:00,429.018
20.02.2024 05:00:00,428.616
20.02.2024 06:00:00,428.611
20.02.2024 07:00:00,428.587
20.02.2024 08:00:00,428.59
20.02.2024 09:00:00,429.084
20.02.2024 10:00:00,428.723
20.02.2024 11:00:00,428.259
20.02.2024 12:00:00,428.193
20.02.2024 13:00:00,428.074
20.02.2024 14:00:00,428.179
20.02.2024 15:00:00,428.058
20.02.2024 16:00:00,427.604
20.02.2024 17:00:00,427.317
20.02.2024 18:00:00,427.323
20.02.2024 19:00:00,427.199
20.02.2024 20:00:00,426.484
20.02.2024 21:00:00,426.323
20.02.2024 22:00:00,426.337
20.02.2024 23:00:00,426.404
21.02.2024 00:00:00,426.373
21.02.2024 01:00:00,426.384
21.02.2024 02:00:00,426.393
21.02.2024 03:00:00,426.383
21.02.2024 04:00:00,426.535
21.02.2024 05:00:00,426.656
21.02.2024 06:00:00,426.603
21.02.2024 07:00:00,426.711
21.02.2024 08:00:00,426.735
21.02.2024 09:00:00,426.953
21.02.2024 10:00:00,426.603
21.02.2024 11:00:00,426.541
21.02.2024 12:00:00,426.589
21.02.2024 13:00:00,426.724
21.02.2024 14:00:00,426.734
21.02.2024 15:00:00,426.627
21.02.2024 16:00:00,426.464
21.02.2024 17:00:00,426.477
21.02.2024 18:00:00,426.462
21.02.2024 19:00:00,426.38
21.02.2024 20:00:00,426.08
21.02.2024 21:00:00,425.954
21.02.2024 22:00:00,425.318
21.02.2024 23:00:00,425.315
22.02.2024 00:00:00,424.918
22.02.2024 01:00:00,424.902
22.02.2024 02:00:00,425.068
22.02.2024 03:00:00,425.093
22.02.2024 04:00:00,424.988
22.02.2024 05:00:00,425.14
22.02.2024 06:00:00,425.164
22.02.2024 07:00:00,425.347
22.02.2024 08:00:00,425.183
22.02.2024 09:00:00,425.207
22.02.2024 10:00:00,425.211
22.02.2024 11:00:00,425.201
22.02.2024 12:00:00,425.822
22.02.2024 13:00:00,426.406
22.02.2024 14:00:00,426.384
22.02.2024 15:00:00,428.101
22.02.2024 16:00:00,426.754
22.02.2024 17:00:00,430.265
22.02.2024 18:00:00,434.793
22.02.2024 19:00:00,437.901
22.02.2024 20:00:00,432.193
22.02.2024 21:00:00,433.757
22.02.2024 22:00:00,431.279
22.02.2024 23:00:00,429.014
23.02.2024 00:00:00,427.283
23.02.2024 01:00:00,427.231
23.02.2024 02:00:00,427.018
23.02.2024 03:00:00,426.701
23.02.2024 04:00:00,426.821
23.02.2024 05:00:00,427.665
23.02.2024 06:00:00,427.555
23.02.2024 07:00:00,427.341
23.02.2024 08:00:00,427.653
23.02.2024 09:00:00,427.767
23.02.2024 10:00:00,427.794
23.02.2024 11:00:00,427.838
23.02.2024 12:00:00,427.931
23.02.2024 13:00:00,427.952
23.02.2024 14:00:00,427.94
23.02.2024 15:00:00,427.982
23.02.2024 16:00:00,428.057
23.02.2024 17:00:00,428.073
23.02.2024 18:00:00,428.192
23.02.2024 19:00:00,428.147
23.02.2024 20:00:00,428.056
23.02.2024 21:00:00,427.912
23.02.2024 22:00:00,427.965
23.02.2024 23:00:00,427.921
24.02.2024 00:00:00,427.887
24.02.2024 01:00:00,428.075
24.02.2024 02:00:00,428.089
24.02.2024 03:00:00,427.903
24.02.2024 04:00:00,428.086
24.02.2024 05:00:00,428.558
24.02.2024 06:00:00,428.407
24.02.2024 07:00:00,427.835
24.02.2024 08:00:00,427.518
24.02.2024 09:00:00,427.67
24.02.2024 10:00:00,428.302
24.02.2024 11:00:00,428.661
24.02.2024 12:00:00,429.055
24.02.2024 13:00:00,429.45
24.02.2024 14:00:00,429.73
24.02.2024 15:00:00,429.231
24.02.2024 16:00:00,428.895
24.02.2024 17:00:00,428.428
24.02.2024 18:00:00,428.109
24.02.2024 19:00:00,428.074
24.02.2024 20:00:00,428.183
24.02.2024 21:00:00,428.631
24.02.2024 22:00:00,429.125
24.02.2024 23:00:00,428.702
25.02.2024 00:00:00,428.816
25.02.2024 01:00:00,428.243
25.02.2024 02:00:00,427.483
25.02.2024 03:00:00,427.437
25.02.2024 04:00:00,427.609
25.02.2024 05:00:00,427.616
25.02.2024 06:00:00,427.925
25.02.2024 07:00:00,428.452
25.02.2024 08:00:00,428.303
25.02.2024 09:00:00,428.074
25.02.2024 10:00:00,428.011
25.02.2024 11:00:00,428.627
25.02.2024 12:00:00,428.728
25.02.2024 13:00:00,428.83
25.02.2024 14:00:00,428.769
25.02.2024 15:00:00,428.742
25.02.2024 16:00:00,429.067
25.02.2024 17:00:00,429.838
25.02.2024 18:00:00,430.337
25.02.2024 19:00:00,430.792
25.02.2024 20:00:00,431.357
25.02.2024 21:00:00,431.403
25.02.2024 22:00:00,-999.99
25.02.2024 23:00:00,-999.99
26.02.2024 00:00:00,-999.99
26.02.2024 01:00:00,430.16
26.02.2024 02:00:00,430.126
26.02.2024 03:00:00,429.516
26.02.2024 04:00:00,429.075
26.02.2024 05:00:00,428.949
26.02.2024 06:00:00,428.885
26.02.2024 07:00:00,428.769
26.02.2024 08:00:00,428.503
26.02.2024 09:00:00,428.281
26.02.2024 10:00:00,427.97
26.02.2024 11:00:00,427.842
26.02.2024 12:00:00,427.866
26.02.2024 13:00:00,427.533
26.02.2024 14:00:00,427.936
26.02.2024 15:00:00,428.451
26.02.2024 16:00:00,429.033
26.02.2024 17:00:00,428.886
26.02.2024 18:00:00,428.581
26.02.2024 19:00:00,427.818
26.02.2024 20:00:00,427.966
26.02.2024 21:00:00,427.58
26.02.2024 22:00:00,427.622
26.02.2024 23:00:00,427.512
27.02.2024 00:00:00,427.497
27.02.2024 01:00:00,427.75
27.02.2024 02:00:00,427.555
27.02.2024 03:00:00,427.465
27.02.2024 04:00:00,426.985
27.02.2024 05:00:00,427.126
27.02.2024 06:00:00,427.176
27.02.2024 07:00:00,427.412
27.02.2024 08:00:00,427.628
27.02.2024 09:00:00,427.689
27.02.2024 10:00:00,427.738
27.02.2024 11:00:00,427.998
27.02.2024 12:00:00,428.07
27.02.2024 13:00:00,428.242
27.02.2024 14:00:00,428.169
27.02.2024 15:00:00,428.062
27.02.2024 16:00:00,427.533
27.02.2024 17:00:00,427.124
27.02.2024 18:00:00,426.486
27.02.2024 19:00:00,426.224
27.02.2024 20:00:00,425.01
27.02.2024 21:00:00,424.703
27.02.2024 22:00:00,424.439
27.02.2024 23:00:00,424.665
28.02.2024 00:00:00,424.945
28.02.2024 01:00:00,425.576
28.02.2024 02:00:00,425.746
28.02.2024 03:00:00,425.918
28.02.2024 04:00:00,426.339
28.02.2024 05:00:00,426.463
28.02.2024 06:00:00,426.478
28.02.2024 07:00:00,426.427
28.02.2024 08:00:00,426.362
28.02.2024 09:00:00,426.371
28.02.2024 10:00:00,426.31
28.02.2024 11:00:00,426.242
28.02.2024 12:00:00,426.31
28.02.2024 13:00:00,426.11
28.02.2024 14:00:00,425.832
28.02.2024 15:00:00,425.032
28.02.2024 16:00:00,425.037
28.02.2024 17:00:00,425.042
28.02.2024 18:00:00,425.451
28.02.2024 19:00:00,425.452
28.02.2024 20:00:00,425.036
28.02.2024 21:00:00,424.798
28.02.2024 22:00:00,424.796
28.02.2024 23:00:00,424.998
29.02.2024 00:00:00,424.981
29.02.2024 01:00:00,424.943
29.02.2024 02:00:00,425.033
29.02.2024 03:00:00,424.863
29.02.2024 04:00:00,424.763
29.02.2024 05:00:00,424.823
29.02.2024 06:00:00,424.603
29.02.2024 07:00:00,424.718
29.02.2024 08:00:00,424.815
29.02.2024 09:00:00,426.089
29.02.2024 10:00:00,-999.99
29.02.2024 11:00:00,-999.99
29.02.2024 12:00:00,427.36
29.02.2024 13:00:00,428.119
29.02.2024 14:00:00,426.806
29.02.2024 15:00:00,426.238
29.02.2024 16:00:00,426.278
29.02.2024 17:00:00,-999.99
29.02.2024 18:00:00,-999.99
29.02.2024 19:00:00,-999.99
29.02.2024 20:00:00,-999.99
29.02.2024 21:00:00,-999.99
29.02.2024 22:00:00,426.231
29.02.2024 23:00:00,426.246
01.03.2024 00:00:00,426.364
01.03.2024 01:00:00,426.58
01.03.2024 02:00:00,426.673
01.03.2024 03:00:00,426.579
01.03.2024 04:00:00,426.497
01.03.2024 05:00:00,426.967
01.03.2024 06:00:00,428.55
01.03.2024 07:00:00,429.478
01.03.2024 08:00:00,429.762
01.03.2024 09:00:00,429.645
01.03.2024 10:00:00,427.534
01.03.2024 11:00:00,426.947
01.03.2024 12:00:00,428.881
01.03.2024 13:00:00,427.947
01.03.2024 14:00:00,427.771
01.03.2024 15:00:00,427.926
01.03.2024 16:00:00,428.013
01.03.2024 17:00:00,429.749
01.03.2024 18:00:00,428.699
01.03.2024 19:00:00,428.7
01.03.2024 20:00:00,429.065
01.03.2024 21:00:00,429.088
01.03.2024 22:00:00,428.938
01.03.2024 23:00:00,428.858
02.03.2024 00:00:00,428.693
02.03.2024 01:00:00,428.141
02.03.2024 02:00:00,427.985
02.03.2024 03:00:00,427.91
02.03.2024 04:00:00,428.032
02.03.2024 05:00:00,428.388
02.03.2024 06:00:00,428.792
02.03.2024 07:00:00,428.7
02.03.2024 08:00:00,428.958
02.03.2024 09:00:00,429.872
02.03.2024 10:00:00,429.856
02.03.2024 11:00:00,429.398
02.03.2024 12:00:00,429.915
02.03.2024 13:00:00,430.508
02.03.2024 14:00:00,431.421
02.03.2024 15:00:00,431.455
02.03.2024 16:00:00,431.837
02.03.2024 17:00:00,432.314
02.03.2024 18:00:00,431.342
02.03.2024 19:00:00,430.254
02.03.2024 20:00:00,430.692
02.03.2024 21:00:00,430.206
02.03.2024 22:00:00,430.258
02.03.2024 23:00:00,429.542
03.03.2024 00:00:00,428.494
03.03.2024 01:00:00,428.667
03.03.2024 02:00:00,428.39
03.03.2024 03:00:00,428.254
03.03.2024 04:00:00,428.64
03.03.2024 05:00:00,428.795
03.03.2024 06:00:00,428.526
03.03.2024 07:00:00,428.375
03.03.2024 08:00:00,428.415
03.03.2024 09:00:00,428.336
03.03.2024 10:00:00,428.023
03.03.2024 11:00:00,428.032
03.03.2024 12:00:00,428.361
03.03.2024 13:00:00,428.11
03.03.2024 14:00:00,427.94
03.03.2024 15:00:00,428.588
03.03.2024 16:00:00,427.718
03.03.2024 17:00:00,427.804
03.03.2024 18:00:00,427.882
03.03.2024 19:00:00,427.669
03.03.2024 20:00:00,427.544
03.03.2024 21:00:00,427.152
03.03.2024 22:00:00,426.805
03.03.2024 23:00:00,426.671
04.03.2024 00:00:00,426.579
04.03.2024 01:00:00,426.526
04.03.2024 02:00:00,426.463
04.03.2024 03:00:00,426.469
04.03.2024 04:00:00,426.532
04.03.2024 05:00:00,426.862
04.03.2024 06:00:00,427.122
04.03.2024 07:00:00,427.241
04.03.2024 08:00:00,427.233
04.03.2024 09:00:00,427.216
04.03.2024 10:00:00,427.249
04.03.2024 11:00:00,427.19
04.03.2024 12:00:00,427.21
04.03.2024 13:00:00,427.146
04.03.2024 14:00:00,427.227
04.03.2024 15:00:00,427.094
04.03.2024 16:00:00,427.222
04.03.2024 17:00:00,427.319
04.03.2024 18:00:00,427.367
04.03.2024 19:00:00,427.31
04.03.2024 20:00:00,427.412
04.03.2024 21:00:00,427.549
04.03.2024 22:00:00,427.4
04.03.2024 23:00:00,427.331
05.03.2024 00:00:00,427.098
05.03.2024 01:00:00,427.122
05.03.2024 02:00:00,427.177
05.03.2024 03:00:00,427.246
05.03.2024 04:00:00,427.296
05.03.2024 05:00:00,427.437
05.03.2024 06:00:00,427.557
05.03.2024 07:00:00,427.987
05.03.2024 08:00:00,428.578
05.03.2024 09:00:00,430.354
05.03.2024 10:00:00,431.324
05.03.2024 11:00:00,432.233
05.03.2024 12:00:00,430.646
05.03.2024 13:00:00,430.016
05.03.2024 14:00:00,428.936
05.03.2024 15:00:00,427.936
05.03.2024 16:00:00,427.46
05.03.2024 17:00:00,427.809
05.03.2024 18:00:00,428.06
05.03.2024 19:00:00,428.005
05.03.2024 20:00:00,428.208
05.03.2024 21:00:00,428.73
05.03.2024 22:00:00,429.024
05.03.2024 23:00:00,429.317
06.03.2024 00:00:00,429.147
06.03.2024 01:00:00,428.74
06.03.2024 02:00:00,428.287
06.03.2024 03:00:00,427.976
06.03.2024 04:00:00,427.833
06.03.2024 05:00:00,427.829
06.03.2024 06:00:00,427.872
06.03.2024 07:00:00,427.843
06.03.2024 08:00:00,427.872
06.03.2024 09:00:00,428.197
06.03.2024 10:00:00,428.687
06.03.2024 11:00:00,428.927
06.03.2024 12:00:00,429.109
06.03.2024 13:00:00,429.928
06.03.2024 14:00:00,429.616
06.03.2024 15:00:00,429.831
06.03.2024 16:00:00,430.231
06.03.2024 17:00:00,431.63
06.03.2024 18:00:00,-999.99
06.03.2024 19:00:00,-999.99
06.03.2024 20:00:00,-999.99
06.03.2024 21:00:00,-999.99
06.03.2024 22:00:00,434.485
06.03.2024 23:00:00,434.728
07.03.2024 00:00:00,432.768
07.03.2024 01:00:00,430.122
07.03.2024 02:00:00,429.412
07.03.2024 03:00:00,429.397
07.03.2024 04:00:00,428.698
07.03.2024 05:00:00,428.492
07.03.2024 06:00:00,429.381
07.03.2024 07:00:00,429.137
07.03.2024 08:00:00,428.58
07.03.2024 09:00:00,-999.99
07.03.2024 10:00:00,429.013
07.03.2024 11:00:00,429.594
07.03.2024 12:00:00,429.62
07.03.2024 13:00:00,430.2
07.03.2024 14:00:00,430.85
07.03.2024 15:00:00,430.421
07.03.2024 16:00:00,431.165
07.03.2024 17:00:00,431.415
07.03.2024 18:00:00,431.161
07.03.2024 19:00:00,431.005
07.03.2024 20:00:00,429.684
07.03.2024 21:00:00,429.052
07.03.2024 22:00:00,427.937
07.03.2024 23:00:00,427.117
08.03.2024 00:00:00,426.783
08.03.2024 01:00:00,426.916
08.03.2024 02:00:00,427.129
08.03.2024 03:00:00,426.727
08.03.2024 04:00:00,426.204
08.03.2024 05:00:00,426.277
08.03.2024 06:00:00,426.424
08.03.2024 07:00:00,426.325
08.03.2024 08:00:00,426.844
08.03.2024 09:00:00,431.389
08.03.2024 10:00:00,433.456
08.03.2024 11:00:00,434.996
08.03.2024 12:00:00,435.307
08.03.2024 13:00:00,434.921
08.03.2024 14:00:00,435.537
08.03.2024 15:00:00,435.505
08.03.2024 16:00:00,434.705
08.03.2024 17:00:00,434.12
08.03.2024 18:00:00,433.011
08.03.2024 19:00:00,431.653
08.03.2024 20:00:00,433.284
08.03.2024 21:00:00,432.931
08.03.2024 22:00:00,431.849
08.03.2024 23:00:00,431.949
09.03.2024 00:00:00,431.912
09.03.2024 01:00:00,432.811
09.03.2024 02:00:00,432.32
09.03.2024 03:00:00,431.368
09.03.2024 04:00:00,431.843
09.03.2024 05:00:00,432.685
09.03.2024 06:00:00,432.964
09.03.2024 07:00:00,433.169
09.03.2024 08:00:00,431.4
09.03.2024 09:00:00,431.477
09.03.2024 10:00:00,431.717
09.03.2024 11:00:00,432.193
09.03.2024 12:00:00,430.965
09.03.2024 13:00:00,429.833
09.03.2024 14:00:00,430.309
09.03.2024 15:00:00,429.936
09.03.2024 16:00:00,429.74
09.03.2024 17:00:00,430.361
09.03.2024 18:00:00,429.966
09.03.2024 19:00:00,430.41
09.03.2024 20:00:00,430.018
09.03.2024 21:00:00,431.48
09.03.2024 22:00:00,432.32
09.03.2024 23:00:00,431.043
10.03.2024 00:00:00,430.698
10.03.2024 01:00:00,430.751
10.03.2024 02:00:00,429.922
10.03.2024 03:00:00,430.256
10.03.2024 04:00:00,429.589
10.03.2024 05:00:00,429.195
10.03.2024 06:00:00,428.769
10.03.2024 07:00:00,428.296
10.03.2024 08:00:00,427.994
10.03.2024 09:00:00,428.195
10.03.2024 10:00:00,428.411
10.03.2024 11:00:00,428.449
10.03.2024 12:00:00,428.376
10.03.2024 13:00:00,429.21
10.03.2024 14:00:00,429.7
10.03.2024 15:00:00,430.847
10.03.2024 16:00:00,430.275
10.03.2024 17:00:00,428.693
10.03.2024 18:00:00,428.093
10.03.2024 19:00:00,428.109
10.03.2024 20:00:00,427.84
10.03.2024 21:00:00,427.843
10.03.2024 22:00:00,427.744
10.03.2024 23:00:00,427.682
11.03.2024 00:00:00,427.718
11.03.2024 01:00:00,428.798
11.03.2024 02:00:00,428.423
11.03.2024 03:00:00,428.081
11.03.2024 04:00:00,427.982
11.03.2024 05:00:00,427.934
11.03.2024 06:00:00,427.825
11.03.2024 07:00:00,427.724
11.03.2024 08:00:00,427.416
11.03.2024 09:00:00,427.553
11.03.2024 10:00:00,427.754
11.03.2024 11:00:00,428.089
11.03.2024 12:00:00,429.857
11.03.2024 13:00:00,428.546
11.03.2024 14:00:00,427.977
11.03.2024 15:00:00,427.763
11.03.2024 16:00:00,427.53
11.03.2024 17:00:00,427.071
11.03.2024 18:00:00,427.032
11.03.2024 19:00:00,427.21
11.03.2024 20:00:00,427.149
11.03.2024 21:00:00,427.174
11.03.2024 22:00:00,427.206
11.03.2024 23:00:00,427.206
12.03.2024 00:00:00,427.213
12.03.2024 01:00:00,427.238
12.03.2024 02:00:00,427.223
12.03.2024 03:00:00,427.403
12.03.2024 04:00:00,427.515
12.03.2024 05:00:00,427.608
12.03.2024 06:00:00,427.791
12.03.2024 07:00:00,427.76
12.03.2024 08:00:00,428.175
12.03.2024 09:00:00,429.681
12.03.2024 10:00:00,429.021
12.03.2024 11:00:00,428.382
12.03.2024 12:00:00,428.069
12.03.2024 13:00:00,428.19
12.03.2024 14:00:00,428.42
12.03.2024 15:00:00,428.072
12.03.2024 16:00:00,427.987
12.03.2024 17:00:00,428.385
12.03.2024 18:00:00,427.776
12.03.2024 19:00:00,426.548
12.03.2024 20:00:00,426.364
12.03.2024 21:00:00,426.499
12.03.2024 22:00:00,426.948
12.03.2024 23:00:00,426.48
13.03.2024 00:00:00,425.983
13.03.2024 01:00:00,425.945
13.03.2024 02:00:00,425.876
13.03.2024 03:00:00,425.617
13.03.2024 04:00:00,425.545
13.03.2024 05:00:00,425.439
13.03.2024 06:00:00,425.056
13.03.2024 07:00:00,424.523
13.03.2024 08:00:00,424.694
13.03.2024 09:00:00,424.903
13.03.2024 10:00:00,425.451
13.03.2024 11:00:00,425.59
13.03.2024 12:00:00,425.682
13.03.2024 13:00:00,425.781
13.03.2024 14:00:00,425.801
13.03.2024 15:00:00,425.848
13.03.2024 16:00:00,425.918
13.03.2024 17:00:00,425.925
13.03.2024 18:00:00,425.931
13.03.2024 19:00:00,425.931
13.03.2024 20:00:00,425.919
13.03.2024 21:00:00,426.001
13.03.2024 22:00:00,425.934
13.03.2024 23:00:00,425.849
14.03.2024 00:00:00,425.815
14.03.2024 01:00:00,425.992
14.03.2024 02:00:00,426.116
14.03.2024 03:00:00,426.182
14.03.2024 04:00:00,426.146
14.03.2024 05:00:00,425.784
14.03.2024 06:00:00,425.82
14.03.2024 07:00:00,425.526
14.03.2024 08:00:00,425.268
14.03.2024 09:00:00,425.21
14.03.2024 10:00:00,425.274
14.03.2024 11:00:00,425.148
14.03.2024 12:00:00,425.25
14.03.2024 13:00:00,425.336
14.03.2024 14:00:00,425.357
14.03.2024 15:00:00,425.555
14.03.2024 16:00:00,425.991
14.03.2024 17:00:00,425.921
14.03.2024 18:00:00,425.825
14.03.2024 19:00:00,425.703
14.03.2024 20:00:00,425.651
14.03.2024 21:00:00,425.612
14.03.2024 22:00:00,425.647
14.03.2024 23:00:00,425.636
15.03.2024 00:00:00,425.652
15.03.2024 01:00:00,425.774
15.03.2024 02:00:00,425.681
15.03.2024 03:00:00,425.614
15.03.2024 04:00:00,425.552
15.03.2024 05:00:00,425.273
15.03.2024 06:00:00,424.629
15.03.2024 07:00:00,424.642
15.03.2024 08:00:00,-999.99
15.03.2024 09:00:00,-999.99
15.03.2024 10:00:00,-999.99
15.03.2024 11:00:00,-999.99
15.03.2024 12:00:00,426.19
15.03.2024 13:00:00,426.861
15.03.2024 14:00:00,426.672
15.03.2024 15:00:00,425.7
15.03.2024 16:00:00,426.644
15.03.2024 17:00:00,427.68
15.03.2024 18:00:00,427.806
15.03.2024 19:00:00,427.586
15.03.2024 20:00:00,427.592
15.03.2024 21:00:00,427.739
15.03.2024 22:00:00,427.832
15.03.2024 23:00:00,-999.99
16.03.2024 00:00:00,428.02
16.03.2024 01:00:00,428.061
16.03.2024 02:00:00,428.012
16.03.2024 03:00:00,428.162
16.03.2024 04:00:00,428.961
16.03.2024 05:00:00,429.597
16.03.2024 06:00:00,429.111
16.03.2024 07:00:00,428.133
16.03.2024 08:00:00,427.803
16.03.2024 09:00:00,428.029
16.03.2024 10:00:00,428.344
16.03.2024 11:00:00,428.035
16.03.2024 12:00:00,427.655
16.03.2024 13:00:00,427.222
16.03.2024 14:00:00,427.262
16.03.2024 15:00:00,427.455
16.03.2024 16:00:00,427.411
16.03.2024 17:00:00,427.302
16.03.2024 18:00:00,426.922
16.03.2024 19:00:00,427.101
16.03.2024 20:00:00,427.712
16.03.2024 21:00:00,427.752
16.03.2024 22:00:00,427.816
16.03.2024 23:00:00,428.017
17.03.2024 00:00:00,427.653
17.03.2024 01:00:00,428.027
17.03.2024 02:00:00,428.349
17.03.2024 03:00:00,427.723
17.03.2024 04:00:00,426.878
17.03.2024 05:00:00,426.949
17.03.2024 06:00:00,426.943
17.03.2024 07:00:00,426.961
17.03.2024 08:00:00,427.056
17.03.2024 09:00:00,426.753
17.03.2024 10:00:00,426.104
17.03.2024 11:00:00,426.279
17.03.2024 12:00:00,426.412
17.03.2024 13:00:00,426.311
17.03.2024 14:00:00,426.461
17.03.2024 15:00:00,426.417
17.03.2024 16:00:00,426.367
17.03.2024 17:00:00,426.447
17.03.2024 18:00:00,426.586
17.03.2024 19:00:00,426.699
17.03.2024 20:00:00,426.864
17.03.2024 21:00:00,426.837
17.03.2024 22:00:00,426.769
17.03.2024 23:00:00,426.545
18.03.2024 00:00:00,426.441
18.03.2024 01:00:00,426.203
18.03.2024 02:00:00,425.573
18.03.2024 03:00:00,425.316
18.03.2024 04:00:00,425.354
18.03.2024 05:00:00,425.537
18.03.2024 06:00:00,425.675
18.03.2024 07:00:00,425.895
18.03.2024 08:00:00,427.83
18.03.2024 09:00:00,428.964
18.03.2024 10:00:00,429.296
18.03.2024 11:00:00,429.572
18.03.2024 12:00:00,429.942
18.03.2024 13:00:00,430.718
18.03.2024 14:00:00,429.495
18.03.2024 15:00:00,429.809
18.03.2024 16:00:00,429.505
18.03.2024 17:00:00,427.663
18.03.2024 18:00:00,428.512
18.03.2024 19:00:00,427.799
18.03.2024 20:00:00,427.045
18.03.2024 21:00:00,427.039
18.03.2024 22:00:00,-999.99
18.03.2024 23:00:00,-999.99
19.03.2024 00:00:00,-999.99
19.03.2024 01:00:00,-999.99
19.03.2024 02:00:00,-999.99
19.03.2024 03:00:00,427.169
19.03.2024 04:00:00,427.205
19.03.2024 05:00:00,427.451
19.03.2024 06:00:00,427.831
19.03.2024 07:00:00,428.042
19.03.2024 08:00:00,428.533
19.03.2024 09:00:00,429.206
19.03.2024 10:00:00,429.056
19.03.2024 11:00:00,428.126
19.03.2024 12:00:00,428.801
19.03.2024 13:00:00,429.412
19.03.2024 14:00:00,429.36
19.03.2024 15:00:00,429.577
19.03.2024 16:00:00,430.426
19.03.2024 17:00:00,430.687
19.03.2024 18:00:00,429.566
19.03.2024 19:00:00,429.458
19.03.2024 20:00:00,428.622
19.03.2024 21:00:00,428.192
19.03.2024 22:00:00,427.939
19.03.2024 23:00:00,427.606
20.03.2024 00:00:00,427.606
20.03.2024 01:00:00,427.679
20.03.2024 02:00:00,427.677
20.03.2024 03:00:00,427.618
20.03.2024 04:00:00,427.646
20.03.2024 05:00:00,427.735
20.03.2024 06:00:00,427.843
20.03.2024 07:00:00,428.679
20.03.2024 08:00:00,428.919
20.03.2024 09:00:00,428.361
20.03.2024 10:00:00,428.578
20.03.2024 11:00:00,428.274
20.03.2024 12:00:00,427.857
20.03.2024 13:00:00,428.021
20.03.2024 14:00:00,428.085
20.03.2024 15:00:00,428.069
20.03.2024 16:00:00,428.016
20.03.2024 17:00:00,427.895
20.03.2024 18:00:00,428.337
20.03.2024 19:00:00,428.05
20.03.2024 20:00:00,427.254
20.03.2024 21:00:00,427.149
20.03.2024 22:00:00,426.431
20.03.2024 23:00:00,426.291
21.03.2024 00:00:00,425.955
21.03.2024 01:00:00,425.942
21.03.2024 02:00:00,425.852
21.03.2024 03:00:00,425.538
21.03.2024 04:00:00,425.288
21.03.2024 05:00:00,424.436
21.03.2024 06:00:00,424.822
21.03.2024 07:00:00,424.048
21.03.2024 08:00:00,424.332
21.03.2024 09:00:00,427.247
21.03.2024 10:00:00,426.326
21.03.2024 11:00:00,-999.99
21.03.2024 12:00:00,425.764
21.03.2024 13:00:00,425.7
21.03.2024 14:00:00,425.687
21.03.2024 15:00:00,425.914
21.03.2024 16:00:00,426.255
21.03.2024 17:00:00,426.594
21.03.2024 18:00:00,426.286
21.03.2024 19:00:00,426.341
21.03.2024 20:00:00,426.361
21.03.2024 21:00:00,426.769
21.03.2024 22:00:00,426.29
21.03.2024 23:00:00,426.335
22.03.2024 00:00:00,426.378
22.03.2024 01:00:00,426.401
22.03.2024 02:00:00,426.562
22.03.2024 03:00:00,426.708
22.03.2024 04:00:00,426.802
22.03.2024 05:00:00,426.69
22.03.2024 06:00:00,426.435
22.03.2024 07:00:00,426.707
22.03.2024 08:00:00,426.537
22.03.2024 09:00:00,426.469
22.03.2024 10:00:00,426.464
22.03.2024 11:00:00,426.452
22.03.2024 12:00:00,426.48
22.03.2024 13:00:00,426.374
22.03.2024 14:00:00,426.676
22.03.2024 15:00:00,426.773
22.03.2024 16:00:00,426.985
22.03.2024 17:00:00,427.177
22.03.2024 18:00:00,427.216
22.03.2024 19:00:00,427.228
22.03.2024 20:00:00,427.214
22.03.2024 21:00:00,427.115
22.03.2024 22:00:00,427.05
22.03.2024 23:00:00,426.795
23.03.2024 00:00:00,426.302
23.03.2024 01:00:00,426.543
23.03.2024 02:00:00,426.291
23.03.2024 03:00:00,425.887
23.03.2024 04:00:00,425.618
23.03.2024 05:00:00,425.429
23.03.2024 06:00:00,425.397
23.03.2024 07:00:00,426.411
23.03.2024 08:00:00,429.185
23.03.2024 09:00:00,429.465
23.03.2024 10:00:00,429.471
23.03.2024 11:00:00,428.596
23.03.2024 12:00:00,427.81
23.03.2024 13:00:00,427.681
23.03.2024 14:00:00,427.542
23.03.2024 15:00:00,427.374
23.03.2024 16:00:00,427.353
23.03.2024 17:00:00,427.178
23.03.2024 18:00:00,426.845
23.03.2024 19:00:00,426.671
23.03.2024 20:00:00,426.706
23.03.2024 21:00:00,426.741
23.03.2024 22:00:00,427.015
23.03.2024 23:00:00,427.459
24.03.2024 00:00:00,427.224
24.03.2024 01:00:00,427.09
24.03.2024 02:00:00,426.95
24.03.2024 03:00:00,427.126
24.03.2024 04:00:00,427.337
24.03.2024 05:00:00,427.974
24.03.2024 06:00:00,427.961
24.03.2024 07:00:00,428.186
24.03.2024 08:00:00,428.412
24.03.2024 09:00:00,428.621
24.03.2024 10:00:00,428.577
24.03.2024 11:00:00,428.338
24.03.2024 12:00:00,428.012
24.03.2024 13:00:00,428.136
24.03.2024 14:00:00,428.223
24.03.2024 15:00:00,428.155
24.03.2024 16:00:00,428.069
24.03.2024 17:00:00,427.864
24.03.2024 18:00:00,427.835
24.03.2024 19:00:00,427.645
24.03.2024 20:00:00,427.632
24.03.2024 21:00:00,427.63
24.03.2024 22:00:00,427.371
24.03.2024 23:00:00,427.104
25.03.2024 00:00:00,427.073
25.03.2024 01:00:00,427.581
25.03.2024 02:00:00,427.929
25.03.2024 03:00:00,427.767
25.03.2024 04:00:00,-999.99
25.03.2024 05:00:00,-999.99
25.03.2024 06:00:00,-999.99
25.03.2024 07:00:00,427.478
25.03.2024 08:00:00,427.396
25.03.2024 09:00:00,427.54
25.03.2024 10:00:00,427.43
25.03.2024 11:00:00,427.373
25.03.2024 12:00:00,426.952
25.03.2024 13:00:00,426.973
25.03.2024 14:00:00,426.779
25.03.2024 15:00:00,426.494
25.03.2024 16:00:00,426.353
25.03.2024 17:00:00,426.481
25.03.2024 18:00:00,426.319
25.03.2024 19:00:00,426.223
25.03.2024 20:00:00,426.268
25.03.2024 21:00:00,426.405
25.03.2024 22:00:00,427.832
25.03.2024 23:00:00,427
26.03.2024 00:00:00,427.21
26.03.2024 01:00:00,426.503
26.03.2024 02:00:00,426.352
26.03.2024 03:00:00,426.428
26.03.2024 04:00:00,426.566
26.03.2024 05:00:00,426.841
26.03.2024 06:00:00,427.078
26.03.2024 07:00:00,427.209
26.03.2024 08:00:00,427.23
26.03.2024 09:00:00,427.696
26.03.2024 10:00:00,427.603
26.03.2024 11:00:00,427.339
26.03.2024 12:00:00,427.338
26.03.2024 13:00:00,427.417
26.03.2024 14:00:00,427.443
26.03.2024 15:00:00,427.752
26.03.2024 16:00:00,427.611
26.03.2024 17:00:00,427.704
26.03.2024 18:00:00,427.942
26.03.2024 19:00:00,428.075
26.03.2024 20:00:00,428.324
26.03.2024 21:00:00,428.301
26.03.2024 22:00:00,428.422
26.03.2024 23:00:00,428.285
27.03.2024 00:00:00,428.292
27.03.2024 01:00:00,428.376
27.03.2024 02:00:00,428.525
27.03.2024 03:00:00,428.385
27.03.2024 04:00:00,428.501
27.03.2024 05:00:00,428.799
27.03.2024 06:00:00,429.763
27.03.2024 07:00:00,430.955
27.03.2024 08:00:00,432.305
27.03.2024 09:00:00,432.961
27.03.2024 10:00:00,434.416
27.03.2024 11:00:00,434.404
27.03.2024 12:00:00,433.181
27.03.2024 13:00:00,433.083
27.03.2024 14:00:00,430.21
27.03.2024 15:00:00,429.453
27.03.2024 16:00:00,428.718
27.03.2024 17:00:00,429.719
27.03.2024 18:00:00,430.082
27.03.2024 19:00:00,430.189
27.03.2024 20:00:00,430.088
27.03.2024 21:00:00,429.733
27.03.2024 22:00:00,428.425
27.03.2024 23:00:00,427.936
28.03.2024 00:00:00,428.122
28.03.2024 01:00:00,428.04
28.03.2024 02:00:00,428.103
28.03.2024 03:00:00,427.542
28.03.2024 04:00:00,427.48
28.03.2024 05:00:00,428.062
28.03.2024 06:00:00,427.848
28.03.2024 07:00:00,427.672
28.03.2024 08:00:00,428.207
28.03.2024 09:00:00,428.895
28.03.2024 10:00:00,428.838
28.03.2024 11:00:00,428.99
28.03.2024 12:00:00,428.709
28.03.2024 13:00:00,428.169
28.03.2024 14:00:00,427.801
28.03.2024 15:00:00,427.654
28.03.2024 16:00:00,427.231
28.03.2024 17:00:00,426.648
28.03.2024 18:00:00,426.866
28.03.2024 19:00:00,427.422
28.03.2024 20:00:00,427.615
28.03.2024 21:00:00,427.838
28.03.2024 22:00:00,427.829
28.03.2024 23:00:00,427.829
29.03.2024 00:00:00,427.506
29.03.2024 01:00:00,427.347
29.03.2024 02:00:00,426.655
29.03.2024 03:00:00,426.084
29.03.2024 04:00:00,426.175
29.03.2024 05:00:00,428.088
29.03.2024 06:00:00,428.335
29.03.2024 07:00:00,427.803
29.03.2024 08:00:00,427.851
29.03.2024 09:00:00,428.857
29.03.2024 10:00:00,429.974
29.03.2024 11:00:00,430.02
29.03.2024 12:00:00,430.318
29.03.2024 13:00:00,430.5
29.03.2024 14:00:00,430.277
29.03.2024 15:00:00,428.949
29.03.2024 16:00:00,428.475
29.03.2024 17:00:00,428.54
29.03.2024 18:00:00,428.758
29.03.2024 19:00:00,428.467
29.03.2024 20:00:00,428.461
29.03.2024 21:00:00,428.471
29.03.2024 22:00:00,428.339
29.03.2024 23:00:00,428.185
30.03.2024 00:00:00,428.272
30.03.2024 01:00:00,428.09
30.03.2024 02:00:00,427.647
30.03.2024 03:00:00,427.723
30.03.2024 04:00:00,427.86
30.03.2024 05:00:00,428.539
30.03.2024 06:00:00,428.319
30.03.2024 07:00:00,429.873
30.03.2024 08:00:00,430.336
30.03.2024 09:00:00,429.85
30.03.2024 10:00:00,429.286
30.03.2024 11:00:00,428.842
30.03.2024 12:00:00,428.935
30.03.2024 13:00:00,429.698
30.03.2024 14:00:00,429.652
30.03.2024 15:00:00,429.686
30.03.2024 16:00:00,430.006
30.03.2024 17:00:00,429.678
30.03.2024 18:00:00,429.319
30.03.2024 19:00:00,429.275
30.03.2024 20:00:00,429.429
30.03.2024 21:00:00,428.834
30.03.2024 22:00:00,428.128
30.03.2024 23:00:00,427.809
31.03.2024 00:00:00,427.657
31.03.2024 01:00:00,428.009
31.03.2024 02:00:00,427.946
31.03.2024 03:00:00,428.164
31.03.2024 04:00:00,427.898
31.03.2024 05:00:00,427.975
31.03.2024 06:00:00,428.198
31.03.2024 07:00:00,428.036
31.03.2024 08:00:00,428.131
31.03.2024 09:00:00,428.562
31.03.2024 10:00:00,428.984
31.03.2024 11:00:00,428.485
31.03.2024 12:00:00,428.304
31.03.2024 13:00:00,427.949
31.03.2024 14:00:00,428.039
31.03.2024 15:00:00,428.201
31.03.2024 16:00:00,428.051
31.03.2024 17:00:00,427.978
31.03.2024 18:00:00,427.78
31.03.2024 19:00:00,427.888
31.03.2024 20:00:00,428.04
31.03.2024 21:00:00,428.12
31.03.2024 22:00:00,428.475
31.03.2024 23:00:00,428.484
