Time (UTC),CH4 (ppb)
01.01.2024 00:00:00,2013.01
01.01.2024 01:00:00,2013.19
01.01.2024 02:00:00,2014.06
01.01.2024 03:00:00,2013.61
01.01.2024 04:00:00,2014.31
01.01.2024 05:00:00,2015.18
01.01.2024 06:00:00,2017.16
01.01.2024 07:00:00,2016.7
01.01.2024 08:00:00,2014.98
01.01.2024 09:00:00,2012.05
01.01.2024 10:00:00,2012.26
01.01.2024 11:00:00,2014.5
01.01.2024 12:00:00,2012.76
01.01.2024 13:00:00,2007.5
01.01.2024 14:00:00,1999.12
01.01.2024 15:00:00,2000.61
01.01.2024 16:00:00,2004.17
01.01.2024 17:00:00,2002.05
01.01.2024 18:00:00,1994.53
01.01.2024 19:00:00,2000.86
01.01.2024 20:00:00,2005.13
01.01.2024 21:00:00,2002.13
01.01.2024 22:00:00,2000.96
01.01.2024 23:00:00,1999.83
02.01.2024 00:00:00,1999.91
02.01.2024 01:00:00,2001.67
02.01.2024 02:00:00,-999.99
02.01.2024 03:00:00,-999.99
02.01.2024 04:00:00,-999.99
02.01.2024 05:00:00,-999.99
02.01.2024 06:00:00,1994.64
02.01.2024 07:00:00,1990.37
02.01.2024 08:00:00,1989.07
02.01.2024 09:00:00,1988.02
02.01.2024 10:00:00,1986.24
02.01.2024 11:00:00,1986.84
02.01.2024 12:00:00,1984.66
02.01.2024 13:00:00,1982.44
02.01.2024 14:00:00,1980.23
02.01.2024 15:00:00,1978.85
02.01.2024 16:00:00,1976.39
02.01.2024 17:00:00,-999.99
02.01.2024 18:00:00,1972.93
02.01.2024 19:00:00,1975.16
02.01.2024 20:00:00,1978.73
02.01.2024 21:00:00,1983.23
02.01.2024 22:00:00,1983.72
02.01.2024 23:00:00,1988.06
03.01.2024 00:00:00,1990.59
03.01.2024 01:00:00,1989.3
03.01.2024 02:00:00,1988.65
03.01.2024 03:00:00,1988.69
03.01.2024 04:00:00,1990.42
03.01.2024 05:00:00,1986.84
03.01.2024 06:00:00,1985.91
03.01.2024 07:00:00,1991.07
03.01.2024 08:00:00,1996.1
03.01.2024 09:00:00,1997.12
03.01.2024 10:00:00,1994.84
03.01.2024 11:00:00,1989.52
03.01.2024 12:00:00,1987.7
03.01.2024 13:00:00,1984.11
03.01.2024 14:00:00,1982.98
03.01.2024 15:00:00,1988.65
03.01.2024 16:00:00,1990.79
03.01.2024 17:00:00,1993.42
03.01.2024 18:00:00,1996.33
03.01.2024 19:00:00,1998.9
03.01.2024 20:00:00,1999.74
03.01.2024 21:00:00,2001.01
03.01.2024 22:00:00,2002.11
03.01.2024 23:00:00,2002.19
04.01.2024 00:00:00,2001.5
04.01.2024 01:00:00,2001.69
04.01.2024 02:00:00,2000.65
04.01.2024 03:00:00,1999.56
04.01.2024 04:00:00,1997.99
04.01.2024 05:00:00,1996.62
04.01.2024 06:00:00,2000.62
04.01.2024 07:00:00,2001.98
04.01.2024 08:00:00,2001.26
04.01.2024 09:00:00,1998.58
04.01.2024 10:00:00,1992.94
04.01.2024 11:00:00,1992.8
04.01.2024 12:00:00,1985.92
04.01.2024 13:00:00,1990.02
04.01.2024 14:00:00,1988.82
04.01.2024 15:00:00,1984.63
04.01.2024 16:00:00,1985.4
04.01.2024 17:00:00,1995.17
04.01.2024 18:00:00,2002.43
04.01.2024 19:00:00,2002.59
04.01.2024 20:00:00,2002.21
04.01.2024 21:00:00,2000.36
04.01.2024 22:00:00,1999.99
04.01.2024 23:00:00,1998.84
05.01.2024 00:00:00,1996.93
05.01.2024 01:00:00,1995.07
05.01.2024 02:00:00,1994.37
05.01.2024 03:00:00,1990.04
05.01.2024 04:00:00,1991
05.01.2024 05:00:00,1988.12
05.01.2024 06:00:00,1988.92
05.01.2024 07:00:00,1992.46
05.01.2024 08:00:00,1994.26
05.01.2024 09:00:00,1997.94
05.01.2024 10:00:00,2002.81
05.01.2024 11:00:00,2007.59
05.01.2024 12:00:00,2005.36
05.01.2024 13:00:00,2004.11
05.01.2024 14:00:00,2006.76
05.01.2024 15:00:00,2008.19
05.01.2024 16:00:00,2009.59
05.01.2024 17:00:00,2058.82
05.01.2024 18:00:00,2098.44
05.01.2024 19:00:00,2078.4
05.01.2024 20:00:00,2054.43
05.01.2024 21:00:00,2046.8
05.01.2024 22:00:00,2040.58
05.01.2024 23:00:00,2030.06
06.01.2024 00:00:00,2032.6
06.01.2024 01:00:00,2034.97
06.01.2024 02:00:00,2021.69
06.01.2024 03:00:00,2027.17
06.01.2024 04:00:00,2041.45
06.01.2024 05:00:00,2045.18
06.01.2024 06:00:00,2044.17
06.01.2024 07:00:00,2047.94
06.01.2024 08:00:00,2042.71
06.01.2024 09:00:00,2040.86
06.01.2024 10:00:00,2044.8
06.01.2024 11:00:00,2046.6
06.01.2024 12:00:00,2045.85
06.01.2024 13:00:00,2043.42
06.01.2024 14:00:00,2042.83
06.01.2024 15:00:00,2046
06.01.2024 16:00:00,2052.85
06.01.2024 17:00:00,2052.61
06.01.2024 18:00:00,2050.99
06.01.2024 19:00:00,2049.7
06.01.2024 20:00:00,2050.54
06.01.2024 21:00:00,2048.06
06.01.2024 22:00:00,2047.57
06.01.2024 23:00:00,2051.42
07.01.2024 00:00:00,2065.74
07.01.2024 01:00:00,2059.99
07.01.2024 02:00:00,2051.27
07.01.2024 03:00:00,2035.05
07.01.2024 04:00:00,2029.47
07.01.2024 05:00:00,2022.33
07.01.2024 06:00:00,2027.14
07.01.2024 07:00:00,2012.28
07.01.2024 08:00:00,2024.07
07.01.2024 09:00:00,2031.06
07.01.2024 10:00:00,2015.59
07.01.2024 11:00:00,2014.39
07.01.2024 12:00:00,2011.14
07.01.2024 13:00:00,2023.24
07.01.2024 14:00:00,2022.72
07.01.2024 15:00:00,2023.56
07.01.2024 16:00:00,2016.42
07.01.2024 17:00:00,2015.07
07.01.2024 18:00:00,2024.04
07.01.2024 19:00:00,2015.78
07.01.2024 20:00:00,2010.47
07.01.2024 21:00:00,2008.84
07.01.2024 22:00:00,2007.45
07.01.2024 23:00:00,2010.18
08.01.2024 00:00:00,2015.25
08.01.2024 01:00:00,2019.08
08.01.2024 02:00:00,2019.72
08.01.2024 03:00:00,2018.66
08.01.2024 04:00:00,2019.5
08.01.2024 05:00:00,2019.29
08.01.2024 06:00:00,2013.41
08.01.2024 07:00:00,2011.16
08.01.2024 08:00:00,2007.28
08.01.2024 09:00:00,1996.96
08.01.2024 10:00:00,1990.97
08.01.2024 11:00:00,1989.12
08.01.2024 12:00:00,1988.69
08.01.2024 13:00:00,1990.53
08.01.2024 14:00:00,1994.07
08.01.2024 15:00:00,1997.45
08.01.2024 16:00:00,1983.75
08.01.2024 17:00:00,1979.73
08.01.2024 18:00:00,1980.12
08.01.2024 19:00:00,1981.67
08.01.2024 20:00:00,1982.84
08.01.2024 21:00:00,1983.01
08.01.2024 22:00:00,1983.11
08.01.2024 23:00:00,1985.57
09.01.2024 00:00:00,1987.28
09.01.2024 01:00:00,1986.09
09.01.2024 02:00:00,1984.44
09.01.2024 03:00:00,1984.16
09.01.2024 04:00:00,1983.82
09.01.2024 05:00:00,1983.61
09.01.2024 06:00:00,1982.6
09.01.2024 07:00:00,1983.14
09.01.2024 08:00:00,1985.86
09.01.2024 09:00:00,1987.24
09.01.2024 10:00:00,1987.65
09.01.2024 11:00:00,1986.89
09.01.2024 12:00:00,1989.47
09.01.2024 13:00:00,1992.54
09.01.2024 14:00:00,1994.06
09.01.2024 15:00:00,2020.86
09.01.2024 16:00:00,2022.57
09.01.2024 17:00:00,2023.57
09.01.2024 18:00:00,2023.99
09.01.2024 19:00:00,2020.43
09.01.2024 20:00:00,2019.62
09.01.2024 21:00:00,2024.75
09.01.2024 22:00:00,2031.31
09.01.2024 23:00:00,2027.85
10.01.2024 00:00:00,2011.49
10.01.2024 01:00:00,2009.63
10.01.2024 02:00:00,2014.4
10.01.2024 03:00:00,2007.84
10.01.2024 04:00:00,2003.16
10.01.2024 05:00:00,2002.49
10.01.2024 06:00:00,2003.87
10.01.2024 07:00:00,2005.04
10.01.2024 08:00:00,2004.32
10.01.2024 09:00:00,2005.02
10.01.2024 10:00:00,2006.13
10.01.2024 11:00:00,2006.75
10.01.2024 12:00:00,2011.67
10.01.2024 13:00:00,2007.78
10.01.2024 14:00:00,1996.82
10.01.2024 15:00:00,1995.32
10.01.2024 16:00:00,1992.9
10.01.2024 17:00:00,1992.57
10.01.2024 18:00:00,1991.89
10.01.2024 19:00:00,1990.19
10.01.2024 20:00:00,1990.53
10.01.2024 21:00:00,1989.82
10.01.2024 22:00:00,1989.88
10.01.2024 23:00:00,1989.7
11.01.2024 00:00:00,1989.8
11.01.2024 01:00:00,1990.52
11.01.2024 02:00:00,1991.43
11.01.2024 03:00:00,1990.98
11.01.2024 04:00:00,1991.13
11.01.2024 05:00:00,1990.7
11.01.2024 06:00:00,1990.76
11.01.2024 07:00:00,1990.82
11.01.2024 08:00:00,1990.77
11.01.2024 09:00:00,1990.15
11.01.2024 10:00:00,1990.27
11.01.2024 11:00:00,1990.01
11.01.2024 12:00:00,1988.77
11.01.2024 13:00:00,1988.27
11.01.2024 14:00:00,1988.9
11.01.2024 15:00:00,1987.98
11.01.2024 16:00:00,1986.13
11.01.2024 17:00:00,-999.99
11.01.2024 18:00:00,-999.99
11.01.2024 19:00:00,-999.99
11.01.2024 20:00:00,-999.99
11.01.2024 21:00:00,1977.52
11.01.2024 22:00:00,1983.48
11.01.2024 23:00:00,1985.18
12.01.2024 00:00:00,1985.81
12.01.2024 01:00:00,1986.71
12.01.2024 02:00:00,1988.89
12.01.2024 03:00:00,1992.5
12.01.2024 04:00:00,1985.63
12.01.2024 05:00:00,1982.34
12.01.2024 06:00:00,1983.43
12.01.2024 07:00:00,1983.72
12.01.2024 08:00:00,-999.99
12.01.2024 09:00:00,1986.63
12.01.2024 10:00:00,1987.04
12.01.2024 11:00:00,1985.29
12.01.2024 12:00:00,1986.43
12.01.2024 13:00:00,1987.3
12.01.2024 14:00:00,1987.32
12.01.2024 15:00:00,1986.54
12.01.2024 16:00:00,1987.48
12.01.2024 17:00:00,1987.69
12.01.2024 18:00:00,1988.9
12.01.2024 19:00:00,1989.62
12.01.2024 20:00:00,1989.68
12.01.2024 21:00:00,1988.34
12.01.2024 22:00:00,1989.35
12.01.2024 23:00:00,1987.1
13.01.2024 00:00:00,1980.68
13.01.2024 01:00:00,1977.73
13.01.2024 02:00:00,1975.67
13.01.2024 03:00:00,1974.32
13.01.2024 04:00:00,1972.43
13.01.2024 05:00:00,1971.48
13.01.2024 06:00:00,1972.4
13.01.2024 07:00:00,1973
13.01.2024 08:00:00,1973.66
13.01.2024 09:00:00,1977.11
13.01.2024 10:00:00,1980.99
13.01.2024 11:00:00,1984.51
13.01.2024 12:00:00,1983.98
13.01.2024 13:00:00,1985.51
13.01.2024 14:00:00,1984.01
13.01.2024 15:00:00,1982.8
13.01.2024 16:00:00,1983.16
13.01.2024 17:00:00,1986.53
13.01.2024 18:00:00,1986.7
13.01.2024 19:00:00,1984.87
13.01.2024 20:00:00,1984.64
13.01.2024 21:00:00,1983.46
13.01.2024 22:00:00,1987.9
13.01.2024 23:00:00,1990.64
14.01.2024 00:00:00,1991.16
14.01.2024 01:00:00,1990.14
14.01.2024 02:00:00,1987.97
14.01.2024 03:00:00,1986.67
14.01.2024 04:00:00,1987.01
14.01.2024 05:00:00,1983.91
14.01.2024 06:00:00,1983.13
14.01.2024 07:00:00,1987.51
14.01.2024 08:00:00,1988.59
14.01.2024 09:00:00,1989.07
14.01.2024 10:00:00,1989.31
14.01.2024 11:00:00,1987.94
14.01.2024 12:00:00,1984.66
14.01.2024 13:00:00,1985.23
14.01.2024 14:00:00,1978.68
14.01.2024 15:00:00,1971.3
14.01.2024 16:00:00,1971.21
14.01.2024 17:00:00,1970.82
14.01.2024 18:00:00,1977.01
14.01.2024 19:00:00,1979.26
14.01.2024 20:00:00,1977.41
14.01.2024 21:00:00,1978.23
14.01.2024 22:00:00,1980.31
14.01.2024 23:00:00,1982.72
15.01.2024 00:00:00,1978.25
15.01.2024 01:00:00,1979.36
15.01.2024 02:00:00,1980.86
15.01.2024 03:00:00,1982.51
15.01.2024 04:00:00,1985.1
15.01.2024 05:00:00,1982.82
15.01.2024 06:00:00,1983.55
15.01.2024 07:00:00,1984.14
15.01.2024 08:00:00,1983.9
15.01.2024 09:00:00,1986.5
15.01.2024 10:00:00,1988.75
15.01.2024 11:00:00,1989.22
15.01.2024 12:00:00,1990.4
15.01.2024 13:00:00,1989.55
15.01.2024 14:00:00,1992.4
15.01.2024 15:00:00,1998.41
15.01.2024 16:00:00,1999.3
15.01.2024 17:00:00,1993.42
15.01.2024 18:00:00,1992.18
15.01.2024 19:00:00,1991.59
15.01.2024 20:00:00,1991.71
15.01.2024 21:00:00,1989.61
15.01.2024 22:00:00,1994.83
15.01.2024 23:00:00,1996.2
16.01.2024 00:00:00,1990.69
16.01.2024 01:00:00,1988.68
16.01.2024 02:00:00,1987.75
16.01.2024 03:00:00,1985.24
16.01.2024 04:00:00,1984.62
16.01.2024 05:00:00,1982.27
16.01.2024 06:00:00,1982.8
16.01.2024 07:00:00,1983.33
16.01.2024 08:00:00,1981.87
16.01.2024 09:00:00,1980.64
16.01.2024 10:00:00,1981.65
16.01.2024 11:00:00,1982.26
16.01.2024 12:00:00,1981.64
16.01.2024 13:00:00,1982.01
16.01.2024 14:00:00,1995
16.01.2024 15:00:00,1992.17
16.01.2024 16:00:00,1976.81
16.01.2024 17:00:00,1988.29
16.01.2024 18:00:00,1995.89
16.01.2024 19:00:00,1996.28
16.01.2024 20:00:00,1995.43
16.01.2024 21:00:00,1995.53
16.01.2024 22:00:00,1995.47
16.01.2024 23:00:00,1990.42
17.01.2024 00:00:00,1982.56
17.01.2024 01:00:00,1975.16
17.01.2024 02:00:00,1977.06
17.01.2024 03:00:00,1976.15
17.01.2024 04:00:00,1975.73
17.01.2024 05:00:00,1977.49
17.01.2024 06:00:00,1975.98
17.01.2024 07:00:00,1973.88
17.01.2024 08:00:00,1978.89
17.01.2024 09:00:00,1982.2
17.01.2024 10:00:00,1984.53
17.01.2024 11:00:00,1985.11
17.01.2024 12:00:00,1986.72
17.01.2024 13:00:00,1987.36
17.01.2024 14:00:00,1988.91
17.01.2024 15:00:00,1987.72
17.01.2024 16:00:00,1986.81
17.01.2024 17:00:00,1986.73
17.01.2024 18:00:00,1986.25
17.01.2024 19:00:00,1986.8
17.01.2024 20:00:00,1988.34
17.01.2024 21:00:00,1986.87
17.01.2024 22:00:00,1990.38
17.01.2024 23:00:00,1995.64
18.01.2024 00:00:00,1995.35
18.01.2024 01:00:00,1998.4
18.01.2024 02:00:00,1994.68
18.01.2024 03:00:00,1995.77
18.01.2024 04:00:00,1996.31
18.01.2024 05:00:00,1998.31
18.01.2024 06:00:00,1998.95
18.01.2024 07:00:00,2000.05
18.01.2024 08:00:00,2001.51
18.01.2024 09:00:00,-999.99
18.01.2024 10:00:00,-999.99
18.01.2024 11:00:00,2013.29
18.01.2024 12:00:00,2005.83
18.01.2024 13:00:00,2010.11
18.01.2024 14:00:00,2014.06
18.01.2024 15:00:00,2011.75
18.01.2024 16:00:00,2011
18.01.2024 17:00:00,2012.82
18.01.2024 18:00:00,2021.66
18.01.2024 19:00:00,2029.05
18.01.2024 20:00:00,2027.1
18.01.2024 21:00:00,2030.15
18.01.2024 22:00:00,2046.61
18.01.2024 23:00:00,2058.69
19.01.2024 00:00:00,2004.94
19.01.2024 01:00:00,2013.17
19.01.2024 02:00:00,2029.08
19.01.2024 03:00:00,2041.29
19.01.2024 04:00:00,2038.93
19.01.2024 05:00:00,2041.68
19.01.2024 06:00:00,2035.79
19.01.2024 07:00:00,2031.09
19.01.2024 08:00:00,2040.43
19.01.2024 09:00:00,2052.11
19.01.2024 10:00:00,2039.67
19.01.2024 11:00:00,2018.58
19.01.2024 12:00:00,2012.17
19.01.2024 13:00:00,2013.85
19.01.2024 14:00:00,2006.81
19.01.2024 15:00:00,2000.19
19.01.2024 16:00:00,1996.98
19.01.2024 17:00:00,1995.63
19.01.2024 18:00:00,1991.22
19.01.2024 19:00:00,1989.7
19.01.2024 20:00:00,1989.22
19.01.2024 21:00:00,1989.21
19.01.2024 22:00:00,1989.19
19.01.2024 23:00:00,1987.87
20.01.2024 00:00:00,1988.09
20.01.2024 01:00:00,1982.29
20.01.2024 02:00:00,1981.34
20.01.2024 03:00:00,1983.06
20.01.2024 04:00:00,1984.34
20.01.2024 05:00:00,1981.86
20.01.2024 06:00:00,1979.7
20.01.2024 07:00:00,1980.08
20.01.2024 08:00:00,1981.64
20.01.2024 09:00:00,1982.7
20.01.2024 10:00:00,1982.44
20.01.2024 11:00:00,1984.24
20.01.2024 12:00:00,-999.99
20.01.2024 13:00:00,-999.99
20.01.2024 14:00:00,-999.99
20.01.2024 15:00:00,1975.65
20.01.2024 16:00:00,1971.06
20.01.2024 17:00:00,1969.75
20.01.2024 18:00:00,1971.34
20.01.2024 19:00:00,1972.5
20.01.2024 20:00:00,1973.99
20.01.2024 21:00:00,1974.77
20.01.2024 22:00:00,1973.84
20.01.2024 23:00:00,1974.1
21.01.2024 00:00:00,1973.93
21.01.2024 01:00:00,1973.57
21.01.2024 02:00:00,1973.43
21.01.2024 03:00:00,1978.73
21.01.2024 04:00:00,1979.64
21.01.2024 05:00:00,1979.45
21.01.2024 06:00:00,1978.47
21.01.2024 07:00:00,1979.58
21.01.2024 08:00:00,1979.5
21.01.2024 09:00:00,1978.72
21.01.2024 10:00:00,1974.34
21.01.2024 11:00:00,1974.94
21.01.2024 12:00:00,1978.65
21.01.2024 13:00:00,1980.31
21.01.2024 14:00:00,1980.18
21.01.2024 15:00:00,1979.83
21.01.2024 16:00:00,1981.93
21.01.2024 17:00:00,1988.49
21.01.2024 18:00:00,1991.69
21.01.2024 19:00:00,1993.44
21.01.2024 20:00:00,1997.84
21.01.2024 21:00:00,1987.82
21.01.2024 22:00:00,1992.83
21.01.2024 23:00:00,1994.83
22.01.2024 00:00:00,1999.7
22.01.2024 01:00:00,2002.1
22.01.2024 02:00:00,2002.29
22.01.2024 03:00:00,2001.44
22.01.2024 04:00:00,2001.6
22.01.2024 05:00:00,1989.85
22.01.2024 06:00:00,1977.2
22.01.2024 07:00:00,1981.07
22.01.2024 08:00:00,1979.2
22.01.2024 09:00:00,1977.35
22.01.2024 10:00:00,1968.76
22.01.2024 11:00:00,1970.33
22.01.2024 12:00:00,1974.64
22.01.2024 13:00:00,1976.82
22.01.2024 14:00:00,1977.12
22.01.2024 15:00:00,1976.95
22.01.2024 16:00:00,1988.45
22.01.2024 17:00:00,1995.16
22.01.2024 18:00:00,2004.05
22.01.2024 19:00:00,2006.38
22.01.2024 20:00:00,2007.71
22.01.2024 21:00:00,2008.32
22.01.2024 22:00:00,2011.17
22.01.2024 23:00:00,2010.74
23.01.2024 00:00:00,2011.04
23.01.2024 01:00:00,2015.52
23.01.2024 02:00:00,2014.92
23.01.2024 03:00:00,2010.23
23.01.2024 04:00:00,2008.26
23.01.2024 05:00:00,2006.22
23.01.2024 06:00:00,2005.39
23.01.2024 07:00:00,2005.9
23.01.2024 08:00:00,2002.26
23.01.2024 09:00:00,1995.6
23.01.2024 10:00:00,1994.75
23.01.2024 11:00:00,1999.77
23.01.2024 12:00:00,2003.18
23.01.2024 13:00:00,1996.53
23.01.2024 14:00:00,1997.14
23.01.2024 15:00:00,1990.89
23.01.2024 16:00:00,1976.29
23.01.2024 17:00:00,1972.96
23.01.2024 18:00:00,1971.41
23.01.2024 19:00:00,1966
23.01.2024 20:00:00,1963.75
23.01.2024 21:00:00,1961.72
23.01.2024 22:00:00,1958.46
23.01.2024 23:00:00,1953.14
24.01.2024 00:00:00,1949.83
24.01.2024 01:00:00,1948.93
24.01.2024 02:00:00,1948.21
24.01.2024 03:00:00,1949.08
24.01.2024 04:00:00,1950.03
24.01.2024 05:00:00,1951.43
24.01.2024 06:00:00,1952.38
24.01.2024 07:00:00,1955.16
24.01.2024 08:00:00,1958.55
24.01.2024 09:00:00,1960.63
24.01.2024 10:00:00,1963.68
24.01.2024 11:00:00,1963.45
24.01.2024 12:00:00,1967.91
24.01.2024 13:00:00,1972.9
24.01.2024 14:00:00,1975.04
24.01.2024 15:00:00,1974.07
24.01.2024 16:00:00,1975.28
24.01.2024 17:00:00,1975.48
24.01.2024 18:00:00,1975.92
24.01.2024 19:00:00,1977.51
24.01.2024 20:00:00,1978.16
24.01.2024 21:00:00,1979.62
24.01.2024 22:00:00,1979.42
24.01.2024 23:00:00,1978.97
25.01.2024 00:00:00,1974.95
25.01.2024 01:00:00,1972.74
25.01.2024 02:00:00,1974.24
25.01.2024 03:00:00,1977.44
25.01.2024 04:00:00,1977.51
25.01.2024 05:00:00,1978.45
25.01.2024 06:00:00,1978.86
25.01.2024 07:00:00,1970.23
25.01.2024 08:00:00,1967.44
25.01.2024 09:00:00,1966.57
25.01.2024 10:00:00,1968.81
25.01.2024 11:00:00,1966.77
25.01.2024 12:00:00,1964.73
25.01.2024 13:00:00,1966.26
25.01.2024 14:00:00,1971.23
25.01.2024 15:00:00,1979.33
25.01.2024 16:00:00,1970.04
25.01.2024 17:00:00,1968.54
25.01.2024 18:00:00,1968.48
25.01.2024 19:00:00,1967.5
25.01.2024 20:00:00,1969.05
25.01.2024 21:00:00,1968.46
25.01.2024 22:00:00,1955.25
25.01.2024 23:00:00,1949.67
26.01.2024 00:00:00,1950.82
26.01.2024 01:00:00,1952.73
26.01.2024 02:00:00,1946.35
26.01.2024 03:00:00,1950.94
26.01.2024 04:00:00,1958.37
26.01.2024 05:00:00,1964.65
26.01.2024 06:00:00,1964.2
26.01.2024 07:00:00,1965.48
26.01.2024 08:00:00,1969.53
26.01.2024 09:00:00,1971.09
26.01.2024 10:00:00,1972.34
26.01.2024 11:00:00,1969.07
26.01.2024 12:00:00,1969.17
26.01.2024 13:00:00,1969.54
26.01.2024 14:00:00,1969.88
26.01.2024 15:00:00,1977.38
26.01.2024 16:00:00,1980.29
26.01.2024 17:00:00,1983.48
26.01.2024 18:00:00,1994.62
26.01.2024 19:00:00,1994.75
26.01.2024 20:00:00,1994.05
26.01.2024 21:00:00,2007.49
26.01.2024 22:00:00,1999.01
26.01.2024 23:00:00,1998.06
27.01.2024 00:00:00,1998.1
27.01.2024 01:00:00,1997.4
27.01.2024 02:00:00,1998.18
27.01.2024 03:00:00,1998.56
27.01.2024 04:00:00,1998.76
27.01.2024 05:00:00,1998.82
27.01.2024 06:00:00,1995.58
27.01.2024 07:00:00,1995.59
27.01.2024 08:00:00,1996.38
27.01.2024 09:00:00,1998.9
27.01.2024 10:00:00,1999.33
27.01.2024 11:00:00,1997.39
27.01.2024 12:00:00,1995.55
27.01.2024 13:00:00,1996.51
27.01.2024 14:00:00,1996.67
27.01.2024 15:00:00,1996.73
27.01.2024 16:00:00,1996.83
27.01.2024 17:00:00,1997.65
27.01.2024 18:00:00,1997.53
27.01.2024 19:00:00,1987.7
27.01.2024 20:00:00,1986
27.01.2024 21:00:00,1986.17
27.01.2024 22:00:00,1984.32
27.01.2024 23:00:00,1981.64
28.01.2024 00:00:00,1984.62
28.01.2024 01:00:00,1984.77
28.01.2024 02:00:00,1984.44
28.01.2024 03:00:00,1985.73
28.01.2024 04:00:00,1984.32
28.01.2024 05:00:00,1983.32
28.01.2024 06:00:00,1985.08
28.01.2024 07:00:00,1983.87
28.01.2024 08:00:00,1985.19
28.01.2024 09:00:00,1986.76
28.01.2024 10:00:00,1985.24
28.01.2024 11:00:00,1983.6
28.01.2024 12:00:00,1978.35
28.01.2024 13:00:00,1975.22
28.01.2024 14:00:00,1970.77
28.01.2024 15:00:00,1970.42
28.01.2024 16:00:00,1971.44
28.01.2024 17:00:00,1971.7
28.01.2024 18:00:00,1972.36
28.01.2024 19:00:00,1970.55
28.01.2024 20:00:00,1968.93
28.01.2024 21:00:00,1969.33
28.01.2024 22:00:00,1969.92
28.01.2024 23:00:00,1968.82
29.01.2024 00:00:00,1968.49
29.01.2024 01:00:00,1968.1
29.01.2024 02:00:00,1968.92
29.01.2024 03:00:00,1971.01
29.01.2024 04:00:00,1970.47
29.01.2024 05:00:00,1969.75
29.01.2024 06:00:00,1969.2
29.01.2024 07:00:00,1968.98
29.01.2024 08:00:00,1967.87
29.01.2024 09:00:00,1965.92
29.01.2024 10:00:00,1965.37
29.01.2024 11:00:00,1965.56
29.01.2024 12:00:00,1965.9
29.01.2024 13:00:00,1966.05
29.01.2024 14:00:00,1965.9
29.01.2024 15:00:00,1965.72
29.01.2024 16:00:00,1965.82
29.01.2024 17:00:00,1965.74
29.01.2024 18:00:00,1965.19
29.01.2024 19:00:00,1964.35
29.01.2024 20:00:00,1964.21
29.01.2024 21:00:00,1964.47
29.01.2024 22:00:00,1964.76
29.01.2024 23:00:00,1963.46
30.01.2024 00:00:00,1962.94
30.01.2024 01:00:00,1961.89
30.01.2024 02:00:00,1962.72
30.01.2024 03:00:00,-999.99
30.01.2024 04:00:00,-999.99
30.01.2024 05:00:00,-999.99
30.01.2024 06:00:00,1962.94
30.01.2024 07:00:00,1963.39
30.01.2024 08:00:00,1962.99
30.01.2024 09:00:00,1961.94
30.01.2024 10:00:00,1962.93
30.01.2024 11:00:00,1963.59
30.01.2024 12:00:00,1962.8
30.01.2024 13:00:00,1962.37
30.01.2024 14:00:00,1962.5
30.01.2024 15:00:00,1963.06
30.01.2024 16:00:00,1963.03
30.01.2024 17:00:00,1963.18
30.01.2024 18:00:00,1957.37
30.01.2024 19:00:00,1954.58
30.01.2024 20:00:00,1954.35
30.01.2024 21:00:00,1952.97
30.01.2024 22:00:00,1952.6
30.01.2024 23:00:00,1952.87
31.01.2024 00:00:00,1954.14
31.01.2024 01:00:00,1953.16
31.01.2024 02:00:00,1956.9
31.01.2024 03:00:00,1955.05
31.01.2024 04:00:00,1957.49
31.01.2024 05:00:00,1961.64
31.01.2024 06:00:00,1967.3
31.01.2024 07:00:00,1968.44
31.01.2024 08:00:00,1973.2
31.01.2024 09:00:00,1982.44
31.01.2024 10:00:00,1985.63
31.01.2024 11:00:00,1984.46
31.01.2024 12:00:00,1984.59
31.01.2024 13:00:00,1983.64
31.01.2024 14:00:00,1983.86
31.01.2024 15:00:00,1984.14
31.01.2024 16:00:00,1983.84
31.01.2024 17:00:00,1982.93
31.01.2024 18:00:00,1980.04
31.01.2024 19:00:00,1983.08
31.01.2024 20:00:00,1986.64
31.01.2024 21:00:00,1986.35
31.01.2024 22:00:00,1986.19
31.01.2024 23:00:00,1985.4
01.02.2024 00:00:00,1986.75
01.02.2024 01:00:00,1986.97
01.02.2024 02:00:00,1986.43
01.02.2024 03:00:00,1984.48
01.02.2024 04:00:00,1983.61
01.02.2024 05:00:00,1982.93
01.02.2024 06:00:00,1986.16
01.02.2024 07:00:00,1985.64
01.02.2024 08:00:00,1986.12
01.02.2024 09:00:00,1985.02
01.02.2024 10:00:00,1985.53
01.02.2024 11:00:00,1991.4
01.02.2024 12:00:00,1995
01.02.2024 13:00:00,1998.12
01.02.2024 14:00:00,1998.35
01.02.2024 15:00:00,1995.39
01.02.2024 16:00:00,1995.07
01.02.2024 17:00:00,1991.16
01.02.2024 18:00:00,1990.88
01.02.2024 19:00:00,1991.26
01.02.2024 20:00:00,1992.17
01.02.2024 21:00:00,1993.69
01.02.2024 22:00:00,1992.93
01.02.2024 23:00:00,1992.63
02.02.2024 00:00:00,1992.97
02.02.2024 01:00:00,1993.31
02.02.2024 02:00:00,1994.05
02.02.2024 03:00:00,1994.83
02.02.2024 04:00:00,1995.27
02.02.2024 05:00:00,1994.66
02.02.2024 06:00:00,1988.04
02.02.2024 07:00:00,1977.82
02.02.2024 08:00:00,1974.84
02.02.2024 09:00:00,1969.72
02.02.2024 10:00:00,1962.68
02.02.2024 11:00:00,1963.89
02.02.2024 12:00:00,1958.07
02.02.2024 13:00:00,1958.4
02.02.2024 14:00:00,1958.35
02.02.2024 15:00:00,1958.21
02.02.2024 16:00:00,1958.78
02.02.2024 17:00:00,1955.91
02.02.2024 18:00:00,1949.85
02.02.2024 19:00:00,1944.8
02.02.2024 20:00:00,1942.8
02.02.2024 21:00:00,1942.84
02.02.2024 22:00:00,1942.83
02.02.2024 23:00:00,1942.63
03.02.2024 00:00:00,1942.66
03.02.2024 01:00:00,1943.25
03.02.2024 02:00:00,1939.59
03.02.2024 03:00:00,1940.56
03.02.2024 04:00:00,1945.95
03.02.2024 05:00:00,1944.94
03.02.2024 06:00:00,1943.77
03.02.2024 07:00:00,1942.83
03.02.2024 08:00:00,1944.06
03.02.2024 09:00:00,1964.59
03.02.2024 10:00:00,1980.1
03.02.2024 11:00:00,1983.09
03.02.2024 12:00:00,1983.6
03.02.2024 13:00:00,1984.87
03.02.2024 14:00:00,1984.57
03.02.2024 15:00:00,1975.25
03.02.2024 16:00:00,1971.96
03.02.2024 17:00:00,1975.49
03.02.2024 18:00:00,1975.37
03.02.2024 19:00:00,1974.82
03.02.2024 20:00:00,1975.33
03.02.2024 21:00:00,1975.6
03.02.2024 22:00:00,1975.46
03.02.2024 23:00:00,1975.37
04.02.2024 00:00:00,1976.57
04.02.2024 01:00:00,1973.81
04.02.2024 02:00:00,1976.47
04.02.2024 03:00:00,1972.61
04.02.2024 04:00:00,1975.76
04.02.2024 05:00:00,1983.09
04.02.2024 06:00:00,1974.03
04.02.2024 07:00:00,1972.74
04.02.2024 08:00:00,1973.44
04.02.2024 09:00:00,1971.54
04.02.2024 10:00:00,1971.05
04.02.2024 11:00:00,1970.74
04.02.2024 12:00:00,1971.07
04.02.2024 13:00:00,1972.32
04.02.2024 14:00:00,1974.58
04.02.2024 15:00:00,1976.18
04.02.2024 16:00:00,1975.09
04.02.2024 17:00:00,1973.99
04.02.2024 18:00:00,1966.1
04.02.2024 19:00:00,1968.64
04.02.2024 20:00:00,1970.4
04.02.2024 21:00:00,1969.36
04.02.2024 22:00:00,1970.05
04.02.2024 23:00:00,1972.48
05.02.2024 00:00:00,1974.06
05.02.2024 01:00:00,1974.83
05.02.2024 02:00:00,1974.72
05.02.2024 03:00:00,1970.37
05.02.2024 04:00:00,1973.39
05.02.2024 05:00:00,1971.64
05.02.2024 06:00:00,1969.4
05.02.2024 07:00:00,1968.8
05.02.2024 08:00:00,1965.34
05.02.2024 09:00:00,1963.59
05.02.2024 10:00:00,1963.42
05.02.2024 11:00:00,1970.94
05.02.2024 12:00:00,1975.62
05.02.2024 13:00:00,1974.99
05.02.2024 14:00:00,1975.52
05.02.2024 15:00:00,1975.62
05.02.2024 16:00:00,1975.2
05.02.2024 17:00:00,1975.2
05.02.2024 18:00:00,1974.69
05.02.2024 19:00:00,1975.2
05.02.2024 20:00:00,1973.21
05.02.2024 21:00:00,1973.83
05.02.2024 22:00:00,1963.58
05.02.2024 23:00:00,1958.82
06.02.2024 00:00:00,1967.54
06.02.2024 01:00:00,1959.82
06.02.2024 02:00:00,1956.38
06.02.2024 03:00:00,1953.14
06.02.2024 04:00:00,1947.98
06.02.2024 05:00:00,1949.71
06.02.2024 06:00:00,1952.38
06.02.2024 07:00:00,1952.17
06.02.2024 08:00:00,1952.94
06.02.2024 09:00:00,1951.9
06.02.2024 10:00:00,1951.6
06.02.2024 11:00:00,1950.36
06.02.2024 12:00:00,1950.27
06.02.2024 13:00:00,1951.98
06.02.2024 14:00:00,1953.09
06.02.2024 15:00:00,1955.81
06.02.2024 16:00:00,1964.21
06.02.2024 17:00:00,1966.52
06.02.2024 18:00:00,1962.8
06.02.2024 19:00:00,1957.77
06.02.2024 20:00:00,1960.76
06.02.2024 21:00:00,1962.3
06.02.2024 22:00:00,1963.15
06.02.2024 23:00:00,1963.89
07.02.2024 00:00:00,1963.8
07.02.2024 01:00:00,1963.39
07.02.2024 02:00:00,1962.54
07.02.2024 03:00:00,1964.12
07.02.2024 04:00:00,1964.77
07.02.2024 05:00:00,1964.5
07.02.2024 06:00:00,1965
07.02.2024 07:00:00,1968.23
07.02.2024 08:00:00,1970.4
07.02.2024 09:00:00,1969.15
07.02.2024 10:00:00,1971.28
07.02.2024 11:00:00,1971.28
07.02.2024 12:00:00,1973.29
07.02.2024 13:00:00,1971.39
07.02.2024 14:00:00,1971.58
07.02.2024 15:00:00,1966.96
07.02.2024 16:00:00,1965.52
07.02.2024 17:00:00,-999.99
07.02.2024 18:00:00,-999.99
07.02.2024 19:00:00,-999.99
07.02.2024 20:00:00,1973.58
07.02.2024 21:00:00,1972.98
07.02.2024 22:00:00,1973.42
07.02.2024 23:00:00,1976.04
08.02.2024 00:00:00,1978.15
08.02.2024 01:00:00,1988.08
08.02.2024 02:00:00,1988.34
08.02.2024 03:00:00,1987.53
08.02.2024 04:00:00,1978.69
08.02.2024 05:00:00,1971.75
08.02.2024 06:00:00,1966.96
08.02.2024 07:00:00,1967.81
08.02.2024 08:00:00,1964.6
08.02.2024 09:00:00,1963.9
08.02.2024 10:00:00,1962.31
08.02.2024 11:00:00,1964.42
08.02.2024 12:00:00,1962.5
08.02.2024 13:00:00,1960.9
08.02.2024 14:00:00,1959.8
08.02.2024 15:00:00,1959.18
08.02.2024 16:00:00,1958.97
08.02.2024 17:00:00,1960.86
08.02.2024 18:00:00,1960.15
08.02.2024 19:00:00,1961.36
08.02.2024 20:00:00,1962.67
08.02.2024 21:00:00,1964.77
08.02.2024 22:00:00,1970.62
08.02.2024 23:00:00,1985.32
09.02.2024 00:00:00,2005.71
09.02.2024 01:00:00,2013.79
09.02.2024 02:00:00,2016.61
09.02.2024 03:00:00,2020
09.02.2024 04:00:00,2028.62
09.02.2024 05:00:00,2095.92
09.02.2024 06:00:00,2122.7
09.02.2024 07:00:00,2156.59
09.02.2024 08:00:00,2147.12
09.02.2024 09:00:00,2096.8
09.02.2024 10:00:00,2071.25
09.02.2024 11:00:00,2069.98
09.02.2024 12:00:00,2049.47
09.02.2024 13:00:00,2041.97
09.02.2024 14:00:00,2077.85
09.02.2024 15:00:00,2047.24
09.02.2024 16:00:00,2046.88
09.02.2024 17:00:00,2046.49
09.02.2024 18:00:00,2061.73
09.02.2024 19:00:00,2051.15
09.02.2024 20:00:00,2038.4
09.02.2024 21:00:00,2020.31
09.02.2024 22:00:00,2020.51
09.02.2024 23:00:00,2033.87
10.02.2024 00:00:00,2045.06
10.02.2024 01:00:00,2042.76
10.02.2024 02:00:00,2028.24
10.02.2024 03:00:00,2019.47
10.02.2024 04:00:00,2013.63
10.02.2024 05:00:00,2004.84
10.02.2024 06:00:00,1992.64
10.02.2024 07:00:00,1990.59
10.02.2024 08:00:00,1990.4
10.02.2024 09:00:00,1991.34
10.02.2024 10:00:00,1992.4
10.02.2024 11:00:00,1993.44
10.02.2024 12:00:00,1995.13
10.02.2024 13:00:00,1992.8
10.02.2024 14:00:00,1993.19
10.02.2024 15:00:00,1994.97
10.02.2024 16:00:00,1994.12
10.02.2024 17:00:00,1995.29
10.02.2024 18:00:00,1993.02
10.02.2024 19:00:00,1992.53
10.02.2024 20:00:00,1991.54
10.02.2024 21:00:00,1988.45
10.02.2024 22:00:00,1988.22
10.02.2024 23:00:00,1989.68
11.02.2024 00:00:00,1995.78
11.02.2024 01:00:00,1992.54
11.02.2024 02:00:00,1992.5
11.02.2024 03:00:00,2012.28
11.02.2024 04:00:00,2019.84
11.02.2024 05:00:00,2006.74
11.02.2024 06:00:00,2003.26
11.02.2024 07:00:00,2001.35
11.02.2024 08:00:00,2010.26
11.02.2024 09:00:00,2021.79
11.02.2024 10:00:00,2026.6
11.02.2024 11:00:00,2027.38
11.02.2024 12:00:00,2024.28
11.02.2024 13:00:00,2020.79
11.02.2024 14:00:00,2016.02
11.02.2024 15:00:00,2011.73
11.02.2024 16:00:00,2023.43
11.02.2024 17:00:00,2027.83
11.02.2024 18:00:00,2030.28
11.02.2024 19:00:00,2035.35
11.02.2024 20:00:00,2034.63
11.02.2024 21:00:00,2033.89
11.02.2024 22:00:00,2033.14
11.02.2024 23:00:00,2029.42
12.02.2024 00:00:00,2031.1
12.02.2024 01:00:00,2031.31
12.02.2024 02:00:00,2031.08
12.02.2024 03:00:00,2026.09
12.02.2024 04:00:00,2020.23
12.02.2024 05:00:00,2005.01
12.02.2024 06:00:00,1989.2
12.02.2024 07:00:00,1986.04
12.02.2024 08:00:00,1988.46
12.02.2024 09:00:00,1989.95
12.02.2024 10:00:00,1990.75
12.02.2024 11:00:00,1992.25
12.02.2024 12:00:00,1992.68
12.02.2024 13:00:00,1995.36
12.02.2024 14:00:00,1998.46
12.02.2024 15:00:00,2000.15
12.02.2024 16:00:00,2005.92
12.02.2024 17:00:00,2010.94
12.02.2024 18:00:00,2016.78
12.02.2024 19:00:00,2019.55
12.02.2024 20:00:00,2024.99
12.02.2024 21:00:00,2016.8
12.02.2024 22:00:00,2009.08
12.02.2024 23:00:00,2008.5
13.02.2024 00:00:00,2008.52
13.02.2024 01:00:00,2007.56
13.02.2024 02:00:00,2013.98
13.02.2024 03:00:00,2021.77
13.02.2024 04:00:00,1999.91
13.02.2024 05:00:00,1991.2
13.02.2024 06:00:00,1992.36
13.02.2024 07:00:00,1990.83
13.02.2024 08:00:00,1991.6
13.02.2024 09:00:00,1994.58
13.02.2024 10:00:00,2004.55
13.02.2024 11:00:00,1996.69
13.02.2024 12:00:00,1984.08
13.02.2024 13:00:00,1976.87
13.02.2024 14:00:00,1972.6
13.02.2024 15:00:00,1982.64
13.02.2024 16:00:00,1971.44
13.02.2024 17:00:00,1971.68
13.02.2024 18:00:00,1968.3
13.02.2024 19:00:00,1963.36
13.02.2024 20:00:00,1965.18
13.02.2024 21:00:00,1971.44
13.02.2024 22:00:00,1977.47
13.02.2024 23:00:00,1989.11
14.02.2024 00:00:00,1991.23
14.02.2024 01:00:00,1995.75
14.02.2024 02:00:00,1987.92
14.02.2024 03:00:00,1987.06
14.02.2024 04:00:00,1986.22
14.02.2024 05:00:00,1985.99
14.02.2024 06:00:00,1989.3
14.02.2024 07:00:00,1991.33
14.02.2024 08:00:00,1992.68
14.02.2024 09:00:00,1992.61
14.02.2024 10:00:00,1990.39
14.02.2024 11:00:00,1992.6
14.02.2024 12:00:00,1992.32
14.02.2024 13:00:00,1993.07
14.02.2024 14:00:00,1993.32
14.02.2024 15:00:00,1990.66
14.02.2024 16:00:00,1990.02
14.02.2024 17:00:00,1986.71
14.02.2024 18:00:00,1989.74
14.02.2024 19:00:00,1993.56
14.02.2024 20:00:00,1996.22
14.02.2024 21:00:00,1994.49
14.02.2024 22:00:00,1990.66
14.02.2024 23:00:00,1990.49
15.02.2024 00:00:00,1990.25
15.02.2024 01:00:00,1989.45
15.02.2024 02:00:00,1991.46
15.02.2024 03:00:00,1992.87
15.02.2024 04:00:00,1990.64
15.02.2024 05:00:00,1971.48
15.02.2024 06:00:00,1965.2
15.02.2024 07:00:00,1961
15.02.2024 08:00:00,1959.19
15.02.2024 09:00:00,1956.02
15.02.2024 10:00:00,1947.97
15.02.2024 11:00:00,1944.92
15.02.2024 12:00:00,1939.18
15.02.2024 13:00:00,1942.71
15.02.2024 14:00:00,1936.42
15.02.2024 15:00:00,1932.53
15.02.2024 16:00:00,1933.37
15.02.2024 17:00:00,1939.79
15.02.2024 18:00:00,1941.95
15.02.2024 19:00:00,1940.42
15.02.2024 20:00:00,1930.16
15.02.2024 21:00:00,1931.09
15.02.2024 22:00:00,1931.61
15.02.2024 23:00:00,1932.23
16.02.2024 00:00:00,1931.05
16.02.2024 01:00:00,1931.54
16.02.2024 02:00:00,1931.41
16.02.2024 03:00:00,1931.27
16.02.2024 04:00:00,1931.78
16.02.2024 05:00:00,1932.36
16.02.2024 06:00:00,1932.65
16.02.2024 07:00:00,1933.41
16.02.2024 08:00:00,1934.93
16.02.2024 09:00:00,1934.68
16.02.2024 10:00:00,1934.81
16.02.2024 11:00:00,1935.18
16.02.2024 12:00:00,1936.41
16.02.2024 13:00:00,1936.95
16.02.2024 14:00:00,1939.41
16.02.2024 15:00:00,1942.11
16.02.2024 16:00:00,1942.83
16.02.2024 17:00:00,1939.48
16.02.2024 18:00:00,1942.83
16.02.2024 19:00:00,1956.38
16.02.2024 20:00:00,1953.18
16.02.2024 21:00:00,1958.51
16.02.2024 22:00:00,1962.94
16.02.2024 23:00:00,1960.66
17.02.2024 00:00:00,1964.29
17.02.2024 01:00:00,1968.73
17.02.2024 02:00:00,1973.74
17.02.2024 03:00:00,1973.81
17.02.2024 04:00:00,1973.78
17.02.2024 05:00:00,1974.44
17.02.2024 06:00:00,1974.58
17.02.2024 07:00:00,1973.03
17.02.2024 08:00:00,-999.99
17.02.2024 09:00:00,-999.99
17.02.2024 10:00:00,-999.99
17.02.2024 11:00:00,1950.52
17.02.2024 12:00:00,1952.15
17.02.2024 13:00:00,1951.1
17.02.2024 14:00:00,1949.39
17.02.2024 15:00:00,1949.79
17.02.2024 16:00:00,1948.95
17.02.2024 17:00:00,1949.22
17.02.2024 18:00:00,1947.97
17.02.2024 19:00:00,1949.09
17.02.2024 20:00:00,1972.01
17.02.2024 21:00:00,1986.45
17.02.2024 22:00:00,1991.73
17.02.2024 23:00:00,1990.6
18.02.2024 00:00:00,1991.07
18.02.2024 01:00:00,1987.55
18.02.2024 02:00:00,1988.81
18.02.2024 03:00:00,1985.24
18.02.2024 04:00:00,1989.38
18.02.2024 05:00:00,1988.99
18.02.2024 06:00:00,1993.54
18.02.2024 07:00:00,1998.51
18.02.2024 08:00:00,2004.76
18.02.2024 09:00:00,2005.37
18.02.2024 10:00:00,2005.28
18.02.2024 11:00:00,2004.64
18.02.2024 12:00:00,2005.29
18.02.2024 13:00:00,1999.89
18.02.2024 14:00:00,2003.71
18.02.2024 15:00:00,2000.95
18.02.2024 16:00:00,1998.44
18.02.2024 17:00:00,1992.06
18.02.2024 18:00:00,1991.51
18.02.2024 19:00:00,1988.62
18.02.2024 20:00:00,1994.64
18.02.2024 21:00:00,2002.79
18.02.2024 22:00:00,-999.99
18.02.2024 23:00:00,2006.38
19.02.2024 00:00:00,2005.86
19.02.2024 01:00:00,2005.25
19.02.2024 02:00:00,2005.28
19.02.2024 03:00:00,2009.03
19.02.2024 04:00:00,2012.47
19.02.2024 05:00:00,2011.65
19.02.2024 06:00:00,2012.68
19.02.2024 07:00:00,2017.97
19.02.2024 08:00:00,2014.36
19.02.2024 09:00:00,2014.32
19.02.2024 10:00:00,2018.13
19.02.2024 11:00:00,2020.43
19.02.2024 12:00:00,2022.9
19.02.2024 13:00:00,2022.7
19.02.2024 14:00:00,2023.22
19.02.2024 15:00:00,2021.79
19.02.2024 16:00:00,2017.16
19.02.2024 17:00:00,2013.66
19.02.2024 18:00:00,2009.54
19.02.2024 19:00:00,2017.3
19.02.2024 20:00:00,2020.84
19.02.2024 21:00:00,2018.65
19.02.2024 22:00:00,2012.81
19.02.2024 23:00:00,2018.46
20.02.2024 00:00:00,2022.41
20.02.2024 01:00:00,2018.11
20.02.2024 02:00:00,2014.79
20.02.2024 03:00:00,2015.99
20.02.2024 04:00:00,2020.73
20.02.2024 05:00:00,2018.12
20.02.2024 06:00:00,2019.99
20.02.2024 07:00:00,2020.58
20.02.2024 08:00:00,2019.96
20.02.2024 09:00:00,2023.05
20.02.2024 10:00:00,2018.88
20.02.2024 11:00:00,2014.73
20.02.2024 12:00:00,2011.99
20.02.2024 13:00:00,2010.53
20.02.2024 14:00:00,2012.21
20.02.2024 15:00:00,2010.9
20.02.2024 16:00:00,2005.48
20.02.2024 17:00:00,2002.17
20.02.2024 18:00:00,2001.73
20.02.2024 19:00:00,1999.92
20.02.2024 20:00:00,1992.83
20.02.2024 21:00:00,1991.46
20.02.2024 22:00:00,1991.32
20.02.2024 23:00:00,1992.46
21.02.2024 00:00:00,1992.29
21.02.2024 01:00:00,1992.56
21.02.2024 02:00:00,1992.73
21.02.2024 03:00:00,1992.78
21.02.2024 04:00:00,1994.04
21.02.2024 05:00:00,1995.37
21.02.2024 06:00:00,1994.64
21.02.2024 07:00:00,1994.89
21.02.2024 08:00:00,1994.8
21.02.2024 09:00:00,1994.32
21.02.2024 10:00:00,1994.02
21.02.2024 11:00:00,1993.43
21.02.2024 12:00:00,1993.93
21.02.2024 13:00:00,1994.84
21.02.2024 14:00:00,1994.75
21.02.2024 15:00:00,1993.81
21.02.2024 16:00:00,1992.34
21.02.2024 17:00:00,1992.54
21.02.2024 18:00:00,1992.95
21.02.2024 19:00:00,1991.69
21.02.2024 20:00:00,1986.01
21.02.2024 21:00:00,1983.5
21.02.2024 22:00:00,1969.81
21.02.2024 23:00:00,1971.01
22.02.2024 00:00:00,1963.66
22.02.2024 01:00:00,1961.54
22.02.2024 02:00:00,1965.56
22.02.2024 03:00:00,1966.72
22.02.2024 04:00:00,1964.89
22.02.2024 05:00:00,1967.33
22.02.2024 06:00:00,1968.67
22.02.2024 07:00:00,1970.79
22.02.2024 08:00:00,1969.7
22.02.2024 09:00:00,1972.13
22.02.2024 10:00:00,1970.27
22.02.2024 11:00:00,1969.08
22.02.2024 12:00:00,1977.62
22.02.2024 13:00:00,1983.25
22.02.2024 14:00:00,1981.63
22.02.2024 15:00:00,2001.71
22.02.2024 16:00:00,1982.76
22.02.2024 17:00:00,2026.74
22.02.2024 18:00:00,2084.14
22.02.2024 19:00:00,2121.3
22.02.2024 20:00:00,2052.69
22.02.2024 21:00:00,2072.76
22.02.2024 22:00:00,2040.06
22.02.2024 23:00:00,2016.9
23.02.2024 00:00:00,2000.35
23.02.2024 01:00:00,1999.26
23.02.2024 02:00:00,1997.14
23.02.2024 03:00:00,1993.39
23.02.2024 04:00:00,1994.09
23.02.2024 05:00:00,2001.78
23.02.2024 06:00:00,2000.53
23.02.2024 07:00:00,2002.12
23.02.2024 08:00:00,2006.76
23.02.2024 09:00:00,2008.11
23.02.2024 10:00:00,2009.08
23.02.2024 11:00:00,2009.84
23.02.2024 12:00:00,2010.76
23.02.2024 13:00:00,2010.82
23.02.2024 14:00:00,2009.93
23.02.2024 15:00:00,2010.19
23.02.2024 16:00:00,2011.61
23.02.2024 17:00:00,2011.82
23.02.2024 18:00:00,2011.84
23.02.2024 19:00:00,2014.16
23.02.2024 20:00:00,2013.41
23.02.2024 21:00:00,2013.12
23.02.2024 22:00:00,2014.76
23.02.2024 23:00:00,2013.35
24.02.2024 00:00:00,2013.18
24.02.2024 01:00:00,2012.43
24.02.2024 02:00:00,2011.66
24.02.2024 03:00:00,2010.17
24.02.2024 04:00:00,2010.96
24.02.2024 05:00:00,2013.68
24.02.2024 06:00:00,2012.27
24.02.2024 07:00:00,2007.99
24.02.2024 08:00:00,2005.37
24.02.2024 09:00:00,2006.33
24.02.2024 10:00:00,2010.67
24.02.2024 11:00:00,2012.86
24.02.2024 12:00:00,2015.56
24.02.2024 13:00:00,2018.74
24.02.2024 14:00:00,2020.69
24.02.2024 15:00:00,2017.7
24.02.2024 16:00:00,2015.4
24.02.2024 17:00:00,2011.94
24.02.2024 18:00:00,2009.65
24.02.2024 19:00:00,2009.44
24.02.2024 20:00:00,2010.61
24.02.2024 21:00:00,2014.22
24.02.2024 22:00:00,2017.63
24.02.2024 23:00:00,2014.01
25.02.2024 00:00:00,2014.95
25.02.2024 01:00:00,2010.99
25.02.2024 02:00:00,2005.93
25.02.2024 03:00:00,2005.81
25.02.2024 04:00:00,2007.19
25.02.2024 05:00:00,2007.47
25.02.2024 06:00:00,2009.29
25.02.2024 07:00:00,2013.72
25.02.2024 08:00:00,2012.45
25.02.2024 09:00:00,2010.68
25.02.2024 10:00:00,2010.66
25.02.2024 11:00:00,2016.52
25.02.2024 12:00:00,2017.21
25.02.2024 13:00:00,2018.19
25.02.2024 14:00:00,2017.46
25.02.2024 15:00:00,2016.82
25.02.2024 16:00:00,2018.24
25.02.2024 17:00:00,2024.67
25.02.2024 18:00:00,2030.95
25.02.2024 19:00:00,2036.52
25.02.2024 20:00:00,2041.96
25.02.2024 21:00:00,2042.85
25.02.2024 22:00:00,-999.99
25.02.2024 23:00:00,-999.99
26.02.2024 00:00:00,-999.99
26.02.2024 01:00:00,2053.61
26.02.2024 02:00:00,2068.46
26.02.2024 03:00:00,2067.6
26.02.2024 04:00:00,2053.81
26.02.2024 05:00:00,2045.05
26.02.2024 06:00:00,2035.44
26.02.2024 07:00:00,2028.47
26.02.2024 08:00:00,2022.72
26.02.2024 09:00:00,2019.38
26.02.2024 10:00:00,2015.44
26.02.2024 11:00:00,2013.11
26.02.2024 12:00:00,2012.73
26.02.2024 13:00:00,2010.43
26.02.2024 14:00:00,2016.27
26.02.2024 15:00:00,2025.6
26.02.2024 16:00:00,2028.86
26.02.2024 17:00:00,2027.13
26.02.2024 18:00:00,2024.33
26.02.2024 19:00:00,2016.89
26.02.2024 20:00:00,2018.61
26.02.2024 21:00:00,2013.54
26.02.2024 22:00:00,2010.89
26.02.2024 23:00:00,2008.93
27.02.2024 00:00:00,2008.78
27.02.2024 01:00:00,2014.4
27.02.2024 02:00:00,2010.36
27.02.2024 03:00:00,2009.16
27.02.2024 04:00:00,2005.4
27.02.2024 05:00:00,2008.49
27.02.2024 06:00:00,2007.41
27.02.2024 07:00:00,2008.09
27.02.2024 08:00:00,2008.99
27.02.2024 09:00:00,2008.54
27.02.2024 10:00:00,2008.44
27.02.2024 11:00:00,2009.55
27.02.2024 12:00:00,2008.92
27.02.2024 13:00:00,2007.48
27.02.2024 14:00:00,2005.5
27.02.2024 15:00:00,2004.29
27.02.2024 16:00:00,1998.22
27.02.2024 17:00:00,1994.73
27.02.2024 18:00:00,1989.03
27.02.2024 19:00:00,1989.81
27.02.2024 20:00:00,1975.77
27.02.2024 21:00:00,1969.62
27.02.2024 22:00:00,1964.32
27.02.2024 23:00:00,1967.3
28.02.2024 00:00:00,1971.9
28.02.2024 01:00:00,1981.38
28.02.2024 02:00:00,1983.51
28.02.2024 03:00:00,1988.32
28.02.2024 04:00:00,1996.61
28.02.2024 05:00:00,1999.71
28.02.2024 06:00:00,2000.09
28.02.2024 07:00:00,1999.47
28.02.2024 08:00:00,1998.57
28.02.2024 09:00:00,1999.36
28.02.2024 10:00:00,1999.03
28.02.2024 11:00:00,1998.52
28.02.2024 12:00:00,1998.56
28.02.2024 13:00:00,1995.97
28.02.2024 14:00:00,1989.45
28.02.2024 15:00:00,1968.68
28.02.2024 16:00:00,1967
28.02.2024 17:00:00,1968.63
28.02.2024 18:00:00,1980.5
28.02.2024 19:00:00,1978.18
28.02.2024 20:00:00,1969.23
28.02.2024 21:00:00,1964.73
28.02.2024 22:00:00,1965.15
28.02.2024 23:00:00,1970.58
29.02.2024 00:00:00,1969.74
29.02.2024 01:00:00,1968.63
29.02.2024 02:00:00,1970.82
29.02.2024 03:00:00,1966.53
29.02.2024 04:00:00,1963.92
29.02.2024 05:00:00,1962.67
29.02.2024 06:00:00,1960.92
29.02.2024 07:00:00,1963.41
29.02.2024 08:00:00,1964.72
29.02.2024 09:00:00,1967.11
29.02.2024 10:00:00,-999.99
29.02.2024 11:00:00,-999.99
29.02.2024 12:00:00,1984.37
29.02.2024 13:00:00,1985.49
29.02.2024 14:00:00,1984.95
29.02.2024 15:00:00,1984.6
29.02.2024 16:00:00,1986.98
29.02.2024 17:00:00,-999.99
29.02.2024 18:00:00,-999.99
29.02.2024 19:00:00,-999.99
29.02.2024 20:00:00,-999.99
29.02.2024 21:00:00,-999.99
29.02.2024 22:00:00,1986.9
29.02.2024 23:00:00,1986.77
01.03.2024 00:00:00,1987.93
01.03.2024 01:00:00,1990.59
01.03.2024 02:00:00,1991.45
01.03.2024 03:00:00,1990.04
01.03.2024 04:00:00,1988.61
01.03.2024 05:00:00,1998.63
01.03.2024 06:00:00,2026.61
01.03.2024 07:00:00,2038.67
01.03.2024 08:00:00,2040.86
01.03.2024 09:00:00,2033.68
01.03.2024 10:00:00,2008.42
01.03.2024 11:00:00,1999.33
01.03.2024 12:00:00,2018.76
01.03.2024 13:00:00,2008.71
01.03.2024 14:00:00,2006.44
01.03.2024 15:00:00,2007.84
01.03.2024 16:00:00,2008.44
01.03.2024 17:00:00,2004.37
01.03.2024 18:00:00,2008.98
01.03.2024 19:00:00,2009.29
01.03.2024 20:00:00,2011.87
01.03.2024 21:00:00,2012.15
01.03.2024 22:00:00,2010.83
01.03.2024 23:00:00,2010.01
02.03.2024 00:00:00,2009.1
02.03.2024 01:00:00,2005.59
02.03.2024 02:00:00,2004.31
02.03.2024 03:00:00,2004.66
02.03.2024 04:00:00,2006
02.03.2024 05:00:00,2008.25
02.03.2024 06:00:00,2012.16
02.03.2024 07:00:00,2010.06
02.03.2024 08:00:00,2012.78
02.03.2024 09:00:00,2022.97
02.03.2024 10:00:00,2028.81
02.03.2024 11:00:00,2025.45
02.03.2024 12:00:00,2028.86
02.03.2024 13:00:00,2034.71
02.03.2024 14:00:00,2045.25
02.03.2024 15:00:00,2044.34
02.03.2024 16:00:00,2049.96
02.03.2024 17:00:00,2048.32
02.03.2024 18:00:00,2038.04
02.03.2024 19:00:00,2027.2
02.03.2024 20:00:00,2032.22
02.03.2024 21:00:00,2032.3
02.03.2024 22:00:00,2036.42
02.03.2024 23:00:00,2030.87
03.03.2024 00:00:00,2021.86
03.03.2024 01:00:00,2024.17
03.03.2024 02:00:00,2022.38
03.03.2024 03:00:00,2021.67
03.03.2024 04:00:00,2022.96
03.03.2024 05:00:00,2021.24
03.03.2024 06:00:00,2018.37
03.03.2024 07:00:00,2017.23
03.03.2024 08:00:00,2016.4
03.03.2024 09:00:00,2014.21
03.03.2024 10:00:00,2010.87
03.03.2024 11:00:00,2012.43
03.03.2024 12:00:00,2017.33
03.03.2024 13:00:00,2017.66
03.03.2024 14:00:00,2017.08
03.03.2024 15:00:00,2021.24
03.03.2024 16:00:00,2017.16
03.03.2024 17:00:00,2017.2
03.03.2024 18:00:00,2016.54
03.03.2024 19:00:00,2015.14
03.03.2024 20:00:00,2013.8
03.03.2024 21:00:00,2011.17
03.03.2024 22:00:00,2007.58
03.03.2024 23:00:00,2006.42
04.03.2024 00:00:00,2007.25
04.03.2024 01:00:00,2005.49
04.03.2024 02:00:00,2003.57
04.03.2024 03:00:00,2003.86
04.03.2024 04:00:00,2004.53
04.03.2024 05:00:00,2006.6
04.03.2024 06:00:00,2008.08
04.03.2024 07:00:00,2009.24
04.03.2024 08:00:00,2008.93
04.03.2024 09:00:00,2008.57
04.03.2024 10:00:00,2008.24
04.03.2024 11:00:00,2008.61
04.03.2024 12:00:00,2008.45
04.03.2024 13:00:00,2008.27
04.03.2024 14:00:00,2008.14
04.03.2024 15:00:00,2007.99
04.03.2024 16:00:00,2007.98
04.03.2024 17:00:00,2007.04
04.03.2024 18:00:00,2006.51
04.03.2024 19:00:00,2006.79
04.03.2024 20:00:00,2007.51
04.03.2024 21:00:00,2008.09
04.03.2024 22:00:00,2008.17
04.03.2024 23:00:00,2008
05.03.2024 00:00:00,2006.48
05.03.2024 01:00:00,2006.87
05.03.2024 02:00:00,2007.16
05.03.2024 03:00:00,2007.51
05.03.2024 04:00:00,2007.78
05.03.2024 05:00:00,2009.28
05.03.2024 06:00:00,2010.53
05.03.2024 07:00:00,2011.96
05.03.2024 08:00:00,2017.54
05.03.2024 09:00:00,2034.36
05.03.2024 10:00:00,2041.78
05.03.2024 11:00:00,2047.72
05.03.2024 12:00:00,2029.03
05.03.2024 13:00:00,2027.69
05.03.2024 14:00:00,2032.54
05.03.2024 15:00:00,2027.55
05.03.2024 16:00:00,2027.12
05.03.2024 17:00:00,2017.15
05.03.2024 18:00:00,2016.95
05.03.2024 19:00:00,2015.89
05.03.2024 20:00:00,2022.19
05.03.2024 21:00:00,2028.56
05.03.2024 22:00:00,2027.95
05.03.2024 23:00:00,2030.34
06.03.2024 00:00:00,2029.63
06.03.2024 01:00:00,2027.01
06.03.2024 02:00:00,2024.89
06.03.2024 03:00:00,2023.4
06.03.2024 04:00:00,2022.84
06.03.2024 05:00:00,2023.61
06.03.2024 06:00:00,2023.46
06.03.2024 07:00:00,2023.08
06.03.2024 08:00:00,2022.13
06.03.2024 09:00:00,2024.45
06.03.2024 10:00:00,2027.08
06.03.2024 11:00:00,2027.7
06.03.2024 12:00:00,2026.35
06.03.2024 13:00:00,2032.74
06.03.2024 14:00:00,2028.04
06.03.2024 15:00:00,2030.05
06.03.2024 16:00:00,2040.35
06.03.2024 17:00:00,2050.52
06.03.2024 18:00:00,-999.99
06.03.2024 19:00:00,-999.99
06.03.2024 20:00:00,-999.99
06.03.2024 21:00:00,-999.99
06.03.2024 22:00:00,2074.03
06.03.2024 23:00:00,2075.75
07.03.2024 00:00:00,2055.93
07.03.2024 01:00:00,2030.17
07.03.2024 02:00:00,2024.9
07.03.2024 03:00:00,2026.01
07.03.2024 04:00:00,2020.75
07.03.2024 05:00:00,2019.39
07.03.2024 06:00:00,2029.69
07.03.2024 07:00:00,2025.53
07.03.2024 08:00:00,2020.17
07.03.2024 09:00:00,-999.99
07.03.2024 10:00:00,2022.77
07.03.2024 11:00:00,2026.15
07.03.2024 12:00:00,2026.48
07.03.2024 13:00:00,2031.17
07.03.2024 14:00:00,2034.55
07.03.2024 15:00:00,2029.6
07.03.2024 16:00:00,2032.5
07.03.2024 17:00:00,2033.5
07.03.2024 18:00:00,2033.15
07.03.2024 19:00:00,2034.15
07.03.2024 20:00:00,2020.3
07.03.2024 21:00:00,2014.44
07.03.2024 22:00:00,2002.04
07.03.2024 23:00:00,1991.65
08.03.2024 00:00:00,1986.21
08.03.2024 01:00:00,1986.92
08.03.2024 02:00:00,1989.79
08.03.2024 03:00:00,1985.87
08.03.2024 04:00:00,1981.07
08.03.2024 05:00:00,1981.57
08.03.2024 06:00:00,1985.07
08.03.2024 07:00:00,1986.24
08.03.2024 08:00:00,1989.81
08.03.2024 09:00:00,2039.84
08.03.2024 10:00:00,2067.5
08.03.2024 11:00:00,2085.5
08.03.2024 12:00:00,2086.5
08.03.2024 13:00:00,2083.93
08.03.2024 14:00:00,2092.52
08.03.2024 15:00:00,2089.4
08.03.2024 16:00:00,2079.8
08.03.2024 17:00:00,2075.23
08.03.2024 18:00:00,2064.49
08.03.2024 19:00:00,2051.09
08.03.2024 20:00:00,2075.62
08.03.2024 21:00:00,2073.35
08.03.2024 22:00:00,2060.13
08.03.2024 23:00:00,2062.65
09.03.2024 00:00:00,2062.15
09.03.2024 01:00:00,2069.1
09.03.2024 02:00:00,2063.88
09.03.2024 03:00:00,2055.19
09.03.2024 04:00:00,2062.8
09.03.2024 05:00:00,2068.18
09.03.2024 06:00:00,2071.58
09.03.2024 07:00:00,2072.68
09.03.2024 08:00:00,2052.51
09.03.2024 09:00:00,2051.88
09.03.2024 10:00:00,2053.21
09.03.2024 11:00:00,2057.96
09.03.2024 12:00:00,2044.41
09.03.2024 13:00:00,2031.95
09.03.2024 14:00:00,2036.46
09.03.2024 15:00:00,2030.88
09.03.2024 16:00:00,2027.64
09.03.2024 17:00:00,2033.66
09.03.2024 18:00:00,2030.69
09.03.2024 19:00:00,2040.59
09.03.2024 20:00:00,2035.27
09.03.2024 21:00:00,2052.67
09.03.2024 22:00:00,2068.18
09.03.2024 23:00:00,2056.84
10.03.2024 00:00:00,2055.66
10.03.2024 01:00:00,2055.71
10.03.2024 02:00:00,2040.56
10.03.2024 03:00:00,2042
10.03.2024 04:00:00,2029.76
10.03.2024 05:00:00,2023.2
10.03.2024 06:00:00,2016.26
10.03.2024 07:00:00,2010.3
10.03.2024 08:00:00,2006.03
10.03.2024 09:00:00,2006.32
10.03.2024 10:00:00,2007.45
10.03.2024 11:00:00,2007.26
10.03.2024 12:00:00,2006.56
10.03.2024 13:00:00,2017.85
10.03.2024 14:00:00,2021.51
10.03.2024 15:00:00,2033.01
10.03.2024 16:00:00,2027.17
10.03.2024 17:00:00,2017.44
10.03.2024 18:00:00,2011.62
10.03.2024 19:00:00,2011.9
10.03.2024 20:00:00,2010.22
10.03.2024 21:00:00,2007.63
10.03.2024 22:00:00,2006.83
10.03.2024 23:00:00,2006.58
11.03.2024 00:00:00,2007.44
11.03.2024 01:00:00,2017.87
11.03.2024 02:00:00,2014.7
11.03.2024 03:00:00,2011.72
11.03.2024 04:00:00,2009.8
11.03.2024 05:00:00,2007.6
11.03.2024 06:00:00,2006.77
11.03.2024 07:00:00,2006.89
11.03.2024 08:00:00,2007.12
11.03.2024 09:00:00,2006.79
11.03.2024 10:00:00,2007.9
11.03.2024 11:00:00,2009.87
11.03.2024 12:00:00,2009.54
11.03.2024 13:00:00,2008.4
11.03.2024 14:00:00,2008.57
11.03.2024 15:00:00,2010.25
11.03.2024 16:00:00,2010.51
11.03.2024 17:00:00,2011.3
11.03.2024 18:00:00,2012.55
11.03.2024 19:00:00,2013.37
11.03.2024 20:00:00,2017.82
11.03.2024 21:00:00,2016.44
11.03.2024 22:00:00,2023.81
11.03.2024 23:00:00,2021.7
12.03.2024 00:00:00,2022.89
12.03.2024 01:00:00,2022.7
12.03.2024 02:00:00,2020.63
12.03.2024 03:00:00,2018.24
12.03.2024 04:00:00,2021.25
12.03.2024 05:00:00,2028.14
12.03.2024 06:00:00,2037.86
12.03.2024 07:00:00,2036.75
12.03.2024 08:00:00,2040.51
12.03.2024 09:00:00,2048.56
12.03.2024 10:00:00,2038.47
12.03.2024 11:00:00,2018.88
12.03.2024 12:00:00,2010.29
12.03.2024 13:00:00,2013.97
12.03.2024 14:00:00,2014.49
12.03.2024 15:00:00,2011.79
12.03.2024 16:00:00,2008.32
12.03.2024 17:00:00,2009.37
12.03.2024 18:00:00,2002.01
12.03.2024 19:00:00,1986.67
12.03.2024 20:00:00,1984.9
12.03.2024 21:00:00,1987.32
12.03.2024 22:00:00,1996.97
12.03.2024 23:00:00,1991.86
13.03.2024 00:00:00,1983.78
13.03.2024 01:00:00,1983.5
13.03.2024 02:00:00,1987.99
13.03.2024 03:00:00,1987.58
13.03.2024 04:00:00,1982.63
13.03.2024 05:00:00,1981.3
13.03.2024 06:00:00,1980.4
13.03.2024 07:00:00,1990.08
13.03.2024 08:00:00,1990.85
13.03.2024 09:00:00,1990.99
13.03.2024 10:00:00,1991.27
13.03.2024 11:00:00,1985
13.03.2024 12:00:00,1984.82
13.03.2024 13:00:00,1977.95
13.03.2024 14:00:00,1977.49
13.03.2024 15:00:00,1977.03
13.03.2024 16:00:00,1977.1
13.03.2024 17:00:00,1976.96
13.03.2024 18:00:00,1977.38
13.03.2024 19:00:00,1978.15
13.03.2024 20:00:00,1978.19
13.03.2024 21:00:00,1978.51
13.03.2024 22:00:00,1978.29
13.03.2024 23:00:00,1978.03
14.03.2024 00:00:00,1978.02
14.03.2024 01:00:00,1978.91
14.03.2024 02:00:00,1979.57
14.03.2024 03:00:00,1980.87
14.03.2024 04:00:00,1980.78
14.03.2024 05:00:00,1974.32
14.03.2024 06:00:00,1976.29
14.03.2024 07:00:00,1970.26
14.03.2024 08:00:00,1966.17
14.03.2024 09:00:00,1963.21
14.03.2024 10:00:00,1962.52
14.03.2024 11:00:00,1962.72
14.03.2024 12:00:00,1965.13
14.03.2024 13:00:00,1965.92
14.03.2024 14:00:00,1964.95
14.03.2024 15:00:00,1962.41
14.03.2024 16:00:00,1962.5
14.03.2024 17:00:00,1959.98
14.03.2024 18:00:00,1961.32
14.03.2024 19:00:00,1963.32
14.03.2024 20:00:00,1965.8
14.03.2024 21:00:00,1967.14
14.03.2024 22:00:00,1967.42
14.03.2024 23:00:00,1967.04
15.03.2024 00:00:00,1968.65
15.03.2024 01:00:00,1969.47
15.03.2024 02:00:00,1968.28
15.03.2024 03:00:00,1969.23
15.03.2024 04:00:00,1970.65
15.03.2024 05:00:00,1976.46
15.03.2024 06:00:00,1982.63
15.03.2024 07:00:00,1982.78
15.03.2024 08:00:00,-999.99
15.03.2024 09:00:00,-999.99
15.03.2024 10:00:00,-999.99
15.03.2024 11:00:00,-999.99
15.03.2024 12:00:00,1985.53
15.03.2024 13:00:00,1990.15
15.03.2024 14:00:00,1995.2
15.03.2024 15:00:00,2004.5
15.03.2024 16:00:00,1998.16
15.03.2024 17:00:00,1990.19
15.03.2024 18:00:00,1993.09
15.03.2024 19:00:00,1999.19
15.03.2024 20:00:00,2000.3
15.03.2024 21:00:00,1999.31
15.03.2024 22:00:00,2000.53
15.03.2024 23:00:00,-999.99
16.03.2024 00:00:00,2002.57
16.03.2024 01:00:00,2003.47
16.03.2024 02:00:00,2002.85
16.03.2024 03:00:00,2003.04
16.03.2024 04:00:00,2006.89
16.03.2024 05:00:00,2009.3
16.03.2024 06:00:00,2005.06
16.03.2024 07:00:00,1998.81
16.03.2024 08:00:00,1996.08
16.03.2024 09:00:00,1998.02
16.03.2024 10:00:00,2000.25
16.03.2024 11:00:00,1998.4
16.03.2024 12:00:00,1994.98
16.03.2024 13:00:00,1989.87
16.03.2024 14:00:00,1988.64
16.03.2024 15:00:00,1990.09
16.03.2024 16:00:00,1995.69
16.03.2024 17:00:00,1996.49
16.03.2024 18:00:00,1985.2
16.03.2024 19:00:00,1986.19
16.03.2024 20:00:00,1991.33
16.03.2024 21:00:00,1991.8
16.03.2024 22:00:00,1992.8
16.03.2024 23:00:00,1994.8
17.03.2024 00:00:00,1992.23
17.03.2024 01:00:00,1995.76
17.03.2024 02:00:00,1998.95
17.03.2024 03:00:00,1992.23
17.03.2024 04:00:00,1981.36
17.03.2024 05:00:00,1981.47
17.03.2024 06:00:00,1983.56
17.03.2024 07:00:00,1985.97
17.03.2024 08:00:00,1988.39
17.03.2024 09:00:00,1984.46
17.03.2024 10:00:00,1975.11
17.03.2024 11:00:00,1977.48
17.03.2024 12:00:00,1979.65
17.03.2024 13:00:00,1978.84
17.03.2024 14:00:00,1981
17.03.2024 15:00:00,1979.09
17.03.2024 16:00:00,1977.6
17.03.2024 17:00:00,1977.94
17.03.2024 18:00:00,1979.95
17.03.2024 19:00:00,1983.71
17.03.2024 20:00:00,1984.53
17.03.2024 21:00:00,1981.54
17.03.2024 22:00:00,1981.4
17.03.2024 23:00:00,1981.68
18.03.2024 00:00:00,1981.7
18.03.2024 01:00:00,1985.76
18.03.2024 02:00:00,1989.45
18.03.2024 03:00:00,1989.71
18.03.2024 04:00:00,1973.33
18.03.2024 05:00:00,1965.62
18.03.2024 06:00:00,1969.02
18.03.2024 07:00:00,1970.42
18.03.2024 08:00:00,1989.01
18.03.2024 09:00:00,2002.01
18.03.2024 10:00:00,2007.76
18.03.2024 11:00:00,2013.34
18.03.2024 12:00:00,2018.37
18.03.2024 13:00:00,2025.76
18.03.2024 14:00:00,2018.94
18.03.2024 15:00:00,2022.37
18.03.2024 16:00:00,2024.18
18.03.2024 17:00:00,2006.37
18.03.2024 18:00:00,2008.7
18.03.2024 19:00:00,2010.52
18.03.2024 20:00:00,2017.25
18.03.2024 21:00:00,2016.6
18.03.2024 22:00:00,-999.99
18.03.2024 23:00:00,-999.99
19.03.2024 00:00:00,-999.99
19.03.2024 01:00:00,-999.99
19.03.2024 02:00:00,-999.99
19.03.2024 03:00:00,1997.76
19.03.2024 04:00:00,2001.35
19.03.2024 05:00:00,2008.71
19.03.2024 06:00:00,2009.24
19.03.2024 07:00:00,2009.44
19.03.2024 08:00:00,2008.51
19.03.2024 09:00:00,2005.79
19.03.2024 10:00:00,2005.18
19.03.2024 11:00:00,2007.42
19.03.2024 12:00:00,2008.8
19.03.2024 13:00:00,2009.2
19.03.2024 14:00:00,2009.15
19.03.2024 15:00:00,2014.95
19.03.2024 16:00:00,2022.7
19.03.2024 17:00:00,2018.53
19.03.2024 18:00:00,2012.3
19.03.2024 19:00:00,2011.72
19.03.2024 20:00:00,2008.98
19.03.2024 21:00:00,2009.89
19.03.2024 22:00:00,2008.21
19.03.2024 23:00:00,2003.76
20.03.2024 00:00:00,2004.55
20.03.2024 01:00:00,2006.17
20.03.2024 02:00:00,2006.56
20.03.2024 03:00:00,2005.26
20.03.2024 04:00:00,2006.33
20.03.2024 05:00:00,2008.28
20.03.2024 06:00:00,2009.08
20.03.2024 07:00:00,2009.08
20.03.2024 08:00:00,2009.02
20.03.2024 09:00:00,2007.94
20.03.2024 10:00:00,2007.94
20.03.2024 11:00:00,2006.35
20.03.2024 12:00:00,2005.95
20.03.2024 13:00:00,2005.44
20.03.2024 14:00:00,2006.16
20.03.2024 15:00:00,2007.06
20.03.2024 16:00:00,2003.99
20.03.2024 17:00:00,2002.92
20.03.2024 18:00:00,2010.6
20.03.2024 19:00:00,2006.93
20.03.2024 20:00:00,1992.56
20.03.2024 21:00:00,1992.15
20.03.2024 22:00:00,1979.78
20.03.2024 23:00:00,1982.5
21.03.2024 00:00:00,1976.94
21.03.2024 01:00:00,1975.17
21.03.2024 02:00:00,1973.72
21.03.2024 03:00:00,1973.36
21.03.2024 04:00:00,1981.11
21.03.2024 05:00:00,1986.15
21.03.2024 06:00:00,1989.7
21.03.2024 07:00:00,1991.45
21.03.2024 08:00:00,1987.26
21.03.2024 09:00:00,1977.52
21.03.2024 10:00:00,1987.58
21.03.2024 11:00:00,-999.99
21.03.2024 12:00:00,1979.3
21.03.2024 13:00:00,1980.62
21.03.2024 14:00:00,1983.34
21.03.2024 15:00:00,1995.11
21.03.2024 16:00:00,2001.22
21.03.2024 17:00:00,2002.09
21.03.2024 18:00:00,1997.81
21.03.2024 19:00:00,1986.46
21.03.2024 20:00:00,1984.87
21.03.2024 21:00:00,1984.76
21.03.2024 22:00:00,1977.72
21.03.2024 23:00:00,1978.04
22.03.2024 00:00:00,1978.67
22.03.2024 01:00:00,1978.88
22.03.2024 02:00:00,1980.63
22.03.2024 03:00:00,1981.92
22.03.2024 04:00:00,1982.96
22.03.2024 05:00:00,1981.9
22.03.2024 06:00:00,1979.04
22.03.2024 07:00:00,1980.9
22.03.2024 08:00:00,1979.57
22.03.2024 09:00:00,1979.19
22.03.2024 10:00:00,1978.86
22.03.2024 11:00:00,1978.46
22.03.2024 12:00:00,1978.24
22.03.2024 13:00:00,1977.27
22.03.2024 14:00:00,1978.74
22.03.2024 15:00:00,1980.76
22.03.2024 16:00:00,1985.69
22.03.2024 17:00:00,1988.61
22.03.2024 18:00:00,1988.82
22.03.2024 19:00:00,1989.63
22.03.2024 20:00:00,1988.81
22.03.2024 21:00:00,1986.9
22.03.2024 22:00:00,1986.75
22.03.2024 23:00:00,1984.56
23.03.2024 00:00:00,1978.09
23.03.2024 01:00:00,1987.19
23.03.2024 02:00:00,1982.81
23.03.2024 03:00:00,1982.34
23.03.2024 04:00:00,1986.44
23.03.2024 05:00:00,1986.61
23.03.2024 06:00:00,1995.46
23.03.2024 07:00:00,2003.58
23.03.2024 08:00:00,2033.16
23.03.2024 09:00:00,2038.15
23.03.2024 10:00:00,2034.64
23.03.2024 11:00:00,2014.8
23.03.2024 12:00:00,2002.45
23.03.2024 13:00:00,2002.33
23.03.2024 14:00:00,2001.02
23.03.2024 15:00:00,2002.76
23.03.2024 16:00:00,2007.71
23.03.2024 17:00:00,2009.84
23.03.2024 18:00:00,2013
23.03.2024 19:00:00,2015.82
23.03.2024 20:00:00,2015.38
23.03.2024 21:00:00,2014.82
23.03.2024 22:00:00,2010.21
23.03.2024 23:00:00,2009.52
24.03.2024 00:00:00,2012.46
24.03.2024 01:00:00,2011.47
24.03.2024 02:00:00,2013.07
24.03.2024 03:00:00,2012.95
24.03.2024 04:00:00,2011.73
24.03.2024 05:00:00,2015.08
24.03.2024 06:00:00,2012.39
24.03.2024 07:00:00,2009.99
24.03.2024 08:00:00,2010.37
24.03.2024 09:00:00,2011.46
24.03.2024 10:00:00,2010.08
24.03.2024 11:00:00,2008.44
24.03.2024 12:00:00,2008.44
24.03.2024 13:00:00,2009.3
24.03.2024 14:00:00,2010.09
24.03.2024 15:00:00,2011.31
24.03.2024 16:00:00,2012.04
24.03.2024 17:00:00,2012.49
24.03.2024 18:00:00,2012.64
24.03.2024 19:00:00,2013.39
24.03.2024 20:00:00,2013.32
24.03.2024 21:00:00,2017.35
24.03.2024 22:00:00,2021.03
24.03.2024 23:00:00,2021.31
25.03.2024 00:00:00,2018.17
25.03.2024 01:00:00,2011.63
25.03.2024 02:00:00,2001.53
25.03.2024 03:00:00,1999.56
25.03.2024 04:00:00,-999.99
25.03.2024 05:00:00,-999.99
25.03.2024 06:00:00,-999.99
25.03.2024 07:00:00,1999.72
25.03.2024 08:00:00,1997.74
25.03.2024 09:00:00,1997.45
25.03.2024 10:00:00,1997.06
25.03.2024 11:00:00,1995.45
25.03.2024 12:00:00,1987.23
25.03.2024 13:00:00,1986.6
25.03.2024 14:00:00,1983.41
25.03.2024 15:00:00,1978.57
25.03.2024 16:00:00,1976.65
25.03.2024 17:00:00,1978.95
25.03.2024 18:00:00,1976.33
25.03.2024 19:00:00,1973.31
25.03.2024 20:00:00,1972.66
25.03.2024 21:00:00,1975.41
25.03.2024 22:00:00,2002.84
25.03.2024 23:00:00,1987.24
26.03.2024 00:00:00,1992.51
26.03.2024 01:00:00,1982.07
26.03.2024 02:00:00,1980.15
26.03.2024 03:00:00,1981.99
26.03.2024 04:00:00,1985.11
26.03.2024 05:00:00,1991.14
26.03.2024 06:00:00,1996.13
26.03.2024 07:00:00,2009.13
26.03.2024 08:00:00,2016.11
26.03.2024 09:00:00,2027.76
26.03.2024 10:00:00,2030.74
26.03.2024 11:00:00,2023.97
26.03.2024 12:00:00,2019.45
26.03.2024 13:00:00,2018.37
26.03.2024 14:00:00,2017.58
26.03.2024 15:00:00,2017.43
26.03.2024 16:00:00,2014.99
26.03.2024 17:00:00,2016.21
26.03.2024 18:00:00,2017.84
26.03.2024 19:00:00,2019.13
26.03.2024 20:00:00,2021.89
26.03.2024 21:00:00,2020.52
26.03.2024 22:00:00,2020.68
26.03.2024 23:00:00,2018.34
27.03.2024 00:00:00,2017.54
27.03.2024 01:00:00,2018.41
27.03.2024 02:00:00,2019.99
27.03.2024 03:00:00,2018.33
27.03.2024 04:00:00,2018.87
27.03.2024 05:00:00,2021.61
27.03.2024 06:00:00,2029.77
27.03.2024 07:00:00,2040.1
27.03.2024 08:00:00,2051.34
27.03.2024 09:00:00,2056.81
27.03.2024 10:00:00,2067.63
27.03.2024 11:00:00,2067.58
27.03.2024 12:00:00,2053.81
27.03.2024 13:00:00,2053
27.03.2024 14:00:00,2023.37
27.03.2024 15:00:00,2015.72
27.03.2024 16:00:00,2007.98
27.03.2024 17:00:00,2018.47
27.03.2024 18:00:00,2023.99
27.03.2024 19:00:00,2025.64
27.03.2024 20:00:00,2024.57
27.03.2024 21:00:00,2020.05
27.03.2024 22:00:00,2006.04
27.03.2024 23:00:00,2000.96
28.03.2024 00:00:00,2004.55
28.03.2024 01:00:00,2003.34
28.03.2024 02:00:00,2004.36
28.03.2024 03:00:00,2000.25
28.03.2024 04:00:00,2000.87
28.03.2024 05:00:00,2005.09
28.03.2024 06:00:00,2004.29
28.03.2024 07:00:00,2003.07
28.03.2024 08:00:00,2005
28.03.2024 09:00:00,2007.27
28.03.2024 10:00:00,2006.85
28.03.2024 11:00:00,2007.61
28.03.2024 12:00:00,2005.15
28.03.2024 13:00:00,2000.9
28.03.2024 14:00:00,1998.74
28.03.2024 15:00:00,1998.9
28.03.2024 16:00:00,1993.3
28.03.2024 17:00:00,1986.25
28.03.2024 18:00:00,1989.56
28.03.2024 19:00:00,1997.41
28.03.2024 20:00:00,2000.05
28.03.2024 21:00:00,2000.9
28.03.2024 22:00:00,2000.56
28.03.2024 23:00:00,2000.56
29.03.2024 00:00:00,1997.63
29.03.2024 01:00:00,1994.89
29.03.2024 02:00:00,1983.34
29.03.2024 03:00:00,1978.23
29.03.2024 04:00:00,1978.49
29.03.2024 05:00:00,2001.71
29.03.2024 06:00:00,2006.27
29.03.2024 07:00:00,1998.2
29.03.2024 08:00:00,1995.94
29.03.2024 09:00:00,2004.85
29.03.2024 10:00:00,2016.8
29.03.2024 11:00:00,2017.69
29.03.2024 12:00:00,2021.81
29.03.2024 13:00:00,2023.99
29.03.2024 14:00:00,2022.88
29.03.2024 15:00:00,2014.58
29.03.2024 16:00:00,2011.37
29.03.2024 17:00:00,2010.32
29.03.2024 18:00:00,2008.96
29.03.2024 19:00:00,2007.02
29.03.2024 20:00:00,2009.54
29.03.2024 21:00:00,2011.14
29.03.2024 22:00:00,2012.53
29.03.2024 23:00:00,2010.01
30.03.2024 00:00:00,2012.49
30.03.2024 01:00:00,2011.73
30.03.2024 02:00:00,2004.42
30.03.2024 03:00:00,2010.12
30.03.2024 04:00:00,2018.69
30.03.2024 05:00:00,2027.89
30.03.2024 06:00:00,2024.3
30.03.2024 07:00:00,2037.41
30.03.2024 08:00:00,2030.76
30.03.2024 09:00:00,2022.23
30.03.2024 10:00:00,2015.41
30.03.2024 11:00:00,2011.81
30.03.2024 12:00:00,2009.77
30.03.2024 13:00:00,2011.52
30.03.2024 14:00:00,2012.53
30.03.2024 15:00:00,2016.51
30.03.2024 16:00:00,2024.96
30.03.2024 17:00:00,2025.08
30.03.2024 18:00:00,2028.77
30.03.2024 19:00:00,2034.68
30.03.2024 20:00:00,2044.43
30.03.2024 21:00:00,2022.54
30.03.2024 22:00:00,2007.86
30.03.2024 23:00:00,2000.46
31.03.2024 00:00:00,1996.3
31.03.2024 01:00:00,1999.26
31.03.2024 02:00:00,1999.45
31.03.2024 03:00:00,2001.95
31.03.2024 04:00:00,1999.06
31.03.2024 05:00:00,1999.47
31.03.2024 06:00:00,2001.72
31.03.2024 07:00:00,1999.95
31.03.2024 08:00:00,2000.6
31.03.2024 09:00:00,2003.94
31.03.2024 10:00:00,2009.4
31.03.2024 11:00:00,2006.94
31.03.2024 12:00:00,2005.46
31.03.2024 13:00:00,2002.71
31.03.2024 14:00:00,2004.61
31.03.2024 15:00:00,2006.26
31.03.2024 16:00:00,2006.15
31.03.2024 17:00:00,2010.07
31.03.2024 18:00:00,2007.65
31.03.2024 19:00:00,2008
31.03.2024 20:00:00,2007.73
31.03.2024 21:00:00,2007.11
31.03.2024 22:00:00,2009.64
31.03.2024 23:00:00,2006
